vehicleTypeId,seatingCapacity,standingRoomCapacity,lengthInMeter,primaryFuelType,primaryFuelConsumptionInJoulePerMeter,primaryFuelCapacityInJoule,primaryVehicleEnergyFile,secondaryFuelType,secondaryFuelConsumptionInJoulePerMeter,secondaryFuelCapacityInJoule,secondaryVehicleEnergyFile,automationLevel,maxVelocity,passengerCarUnit,rechargeLevel2RateLimitInWatts,rechargeLevel3RateLimitInWatts,vehicleCategory,sampleProbabilityWithinCategory,sampleProbabilityString,payloadCapacityInKg,vehicleUse,vehicleClass
ft-ld1-Dsl,1,0,12,diesel,4595.866648131957,1.2e+16,,,,,,1,29.0576,1.0,,,Class12aVocational,1.0,,6000,Freight,Class 1&2A Vocational
ft-ld1-Gas,1,0,12,gasoline,5181.501855710277,1.2e+16,fuel/Baseline_FASTSimData_Representative_Vehicles_lookup_tables_output/2050_gasoline_Chevrolet_City_Express_Cargo_Van_lookup_table.csv.gz,,,,,1,29.0576,1.0,,,Class12aVocational,1.0,,6000,Freight,Class 1&2A Vocational
ft-ld1-BE,1,0,12,electricity,1276.4185089859707,1.2e+16,fuel/Baseline_FASTSimData_Representative_Vehicles_lookup_tables_output/2047_electric_Ford_Transit_Connect_Van_2WDc2_lookup_table.csv.gz,,,,,1,29.0576,1.0,,,Class12aVocational,1.0,,6000,Freight,Class 1&2A Vocational
ft-ld1-H2FC,1,0,12,hydrogen,2277.115195033884,1099395770.3927493,fuel/Baseline_FASTSimData_Representative_Vehicles_lookup_tables_output/2050_hydrogen_Honda_Odysseyc5_lookup_table.csv.gz,,,,,1,29.0576,1.0,,,Class12aVocational,1.0,,6000,Freight,Class 1&2A Vocational
ft-ld1-PHEV,1,0,12,electricity,2838.889376859569,2284369114.877589,fuel/Baseline_FASTSimData_Representative_Vehicles_lookup_tables_output/2050_electric_Honda_Odysseyc6_Charge_Depleting_lookup_table.csv.gz,gasoline,5181.501855710277,4169399098.234388,fuel/Baseline_FASTSimData_Representative_Vehicles_lookup_tables_output/2050_gasoline_Honda_Odysseyc6_Charge_Sustaining_lookup_table.csv.gz,1,29.0576,1.0,,,Class12aVocational,1.0,,6000,Freight,Class 1&2A Vocational
ft-ld3-Dsl,1,0,12,diesel,4690.340176518192,1.2e+16,,,,,,1,29.0576,1.0,,,Class2b3Vocational,1.0,,15000,Freight,Class 2B&3 Vocational
ft-ld3-Gas,1,0,12,gasoline,6766.3534903688,1.2e+16,fuel/Baseline_FASTSimData_Representative_Vehicles_lookup_tables_output/2015_gasoline_Ford_F150_Pickup_4WD_lookup_table.csv.gz,,,,,1,29.0576,1.0,,,Class2b3Vocational,1.0,,15000,Freight,Class 2B&3 Vocational
ft-ld3-BE,1,0,12,electricity,1689.9666581977929,1.2e+16,fuel/Baseline_FASTSimData_Representative_Vehicles_lookup_tables_output/2050_electric_Ford_F150_Pickup_4WDc3_lookup_table.csv.gz,,,,,1,29.0576,1.0,,,Class2b3Vocational,1.0,,15000,Freight,Class 2B&3 Vocational
ft-ld3-H2FC,1,0,12,hydrogen,3039.2142320815146,1467338709.6774194,fuel/Baseline_FASTSimData_Representative_Vehicles_lookup_tables_output/2050_hydrogen_Honda_Odysseyc5_lookup_table.csv.gz,,,,,1,29.0576,1.0,,,Class2b3Vocational,1.0,,15000,Freight,Class 2B&3 Vocational
ft-ld3-PHEV,1,0,12,electricity,3800.537068204061,3058178162.6717615,fuel/Baseline_FASTSimData_Representative_Vehicles_lookup_tables_output/2050_electric_Honda_Odysseyc6_Charge_Depleting_lookup_table.csv.gz,gasoline,6766.3534903688,5444681663.095061,fuel/Baseline_FASTSimData_Representative_Vehicles_lookup_tables_output/2050_gasoline_Honda_Odysseyc6_Charge_Sustaining_lookup_table.csv.gz,1,29.0576,1.0,,,Class2b3Vocational,1.0,,15000,Freight,Class 2B&3 Vocational
ft-mdv-Dsl,1,0,12,diesel,5122.418019000246,1.2e+16,"fuel/Freight_Baseline_FASTSimData_2020/Class_6_Box_truck_(Diesel,_2020,_no_program).csv",,,,,1,24.5872,1.0,,,Class456Vocational,1.0,,22000,Freight,Class 4-6 Vocational
ft-mdv-Gas,1,0,12,gasoline,8452.05946964678,1.2e+16,,,,,,1,24.5872,1.0,,,Class456Vocational,1.0,,22000,Freight,Class 4-6 Vocational
ft-mdv-BE,1,0,12,electricity,1849.1378864487926,1.2e+16,"fuel/Freight_Baseline_FASTSimData_2020/Class_6_Box_truck_(BEV,_2025,_no_program).csv",,,,,1,24.5872,1.0,,,Class456Vocational,1.0,,22000,Freight,Class 4-6 Vocational
ft-mdv-H2FC,1,0,12,hydrogen,2738.285577462626,1101708127.8084257,,,,,,1,24.5872,1.0,,,Class456Vocational,1.0,,22000,Freight,Class 4-6 Vocational
ft-mdv-PHEV,1,0,12,electricity,5179.949568781243,5835410027.315684,"fuel/Freight_Baseline_FASTSimData_2020/Class_6_Box_truck_(BEV,_2025,_no_program).csv",diesel,5122.418019000246,5770598550.288499,"fuel/Freight_Baseline_FASTSimData_2020/Class_6_Box_truck_(Diesel,_2020,_no_program).csv",1,24.5872,1.0,,,Class456Vocational,1.0,,22000,Freight,Class 4-6 Vocational
ft-hdt-Dsl,1,0,12,diesel,7642.353047014879,1.2e+16,"fuel/Freight_Baseline_FASTSimData_2020/Class_8_Sleeper_cab_high_roof_(Diesel,_2020,_no_program).csv",,,,,1,22.352,1.0,,,Class78Tractor,1.0,,65000,Freight,Class 7&8 Tractor
ft-hdt-Gas,1,0,12,gasoline,9319.942739778027,1.2e+16,,,,,,1,22.352,1.0,,,Class78Tractor,1.0,,65000,Freight,Class 7&8 Tractor
ft-hdt-BE,1,0,12,electricity,3299.471546581709,1.2e+16,"fuel/Freight_Baseline_FASTSimData_2020/Class_8_Sleeper_cab_high_roof_(BEV,_2025,_no_program).csv",,,,,1,22.352,1.0,,,Class78Tractor,1.0,,65000,Freight,Class 7&8 Tractor
ft-hdt-H2FC,1,0,12,hydrogen,4813.170794993961,3873014143.6077905,,,,,,1,22.352,1.0,,,Class78Tractor,1.0,,65000,Freight,Class 7&8 Tractor
ft-hdt-PHEV,1,0,12,electricity,10325.001774742681,16616438356.164387,"fuel/Freight_Baseline_FASTSimData_2020/Class_8_Sleeper_cab_high_roof_(BEV,_2025,_no_program).csv",diesel,7642.353047014879,12299144452.682924,"fuel/Freight_Baseline_FASTSimData_2020/Class_8_Sleeper_cab_high_roof_(Diesel,_2020,_no_program).csv",1,22.352,1.0,,,Class78Tractor,1.0,,65000,Freight,Class 7&8 Tractor
ft-hdv-Dsl,1,0,12,diesel,8697.167237849002,1.2e+16,"fuel/Freight_Baseline_FASTSimData_2020/Class_8_Box_truck_(Diesel,_2020,_no_program).csv",,,,,1,22.352,1.0,,,Class78Vocational,1.0,,50000,Freight,Class 7&8 Vocational
ft-hdv-Gas,1,0,12,gasoline,10515.001577374345,1.2e+16,,,,,,1,22.352,1.0,,,Class78Vocational,1.0,,50000,Freight,Class 7&8 Vocational
ft-hdv-BE,1,0,12,electricity,2872.5090496690054,1.2e+16,"fuel/Freight_Baseline_FASTSimData_2020/Class_8_Box_truck_(BEV,_2025,_no_program).csv",,,,,1,22.352,1.0,,,Class78Vocational,1.0,,50000,Freight,Class 7&8 Vocational
ft-hdv-H2FC,1,0,12,hydrogen,4401.250681719822,1770777193.0297444,,,,,,1,22.352,1.0,,,Class78Vocational,1.0,,50000,Freight,Class 7&8 Vocational
ft-hdv-PHEV,1,0,12,electricity,7671.233502770571,8641936047.744154,"fuel/Freight_Baseline_FASTSimData_2020/Class_8_Box_truck_(BEV,_2025,_no_program).csv",diesel,8697.167237849002,9797689385.791939,"fuel/Freight_Baseline_FASTSimData_2020/Class_8_Box_truck_(Diesel,_2020,_no_program).csv",1,22.352,1.0,,,Class78Vocational,1.0,,50000,Freight,Class 7&8 Vocational
