taz,chargingPointType,numStalls,pricingModel,feeInCents,reservedFor,parkingType
1,,10000,flatFee,0,,Commercial
2,,10000,flatFee,0,,Commercial
3,,10000,flatFee,0,,Commercial
4,,10000,flatFee,0,,Commercial
5,,10000,flatFee,0,,Commercial
6,,10000,flatFee,0,,Commercial
7,,10000,flatFee,0,,Commercial
8,,10000,flatFee,0,,Commercial
9,,10000,flatFee,0,,Commercial
10,,10000,flatFee,0,,Commercial
11,,10000,flatFee,0,,Commercial
12,,10000,flatFee,0,,Commercial
13,,10000,flatFee,0,,Commercial
14,,10000,flatFee,0,,Commercial
15,,10000,flatFee,0,,Commercial
16,,10000,flatFee,0,,Commercial
17,,10000,flatFee,0,,Commercial
18,,10000,flatFee,0,,Commercial
19,,10000,flatFee,0,,Commercial
20,,10000,flatFee,0,,Commercial
21,,10000,flatFee,0,,Commercial
22,,10000,flatFee,0,,Commercial
23,,10000,flatFee,0,,Commercial
24,,10000,flatFee,0,,Commercial
25,,10000,flatFee,0,,Commercial
26,,10000,flatFee,0,,Commercial
27,,10000,flatFee,0,,Commercial
28,,10000,flatFee,0,,Commercial
29,,10000,flatFee,0,,Commercial
30,,10000,flatFee,0,,Commercial
31,,10000,flatFee,0,,Commercial
32,,10000,flatFee,0,,Commercial
33,,10000,flatFee,0,,Commercial
34,,10000,flatFee,0,,Commercial
35,,10000,flatFee,0,,Commercial
36,,10000,flatFee,0,,Commercial
37,,10000,flatFee,0,,Commercial
38,,10000,flatFee,0,,Commercial
39,,10000,flatFee,0,,Commercial
40,,10000,flatFee,0,,Commercial
41,,10000,flatFee,0,,Commercial
42,,10000,flatFee,0,,Commercial
43,,10000,flatFee,0,,Commercial
44,,10000,flatFee,0,,Commercial
45,,10000,flatFee,0,,Commercial
46,,10000,flatFee,0,,Commercial
47,,10000,flatFee,0,,Commercial
48,,10000,flatFee,0,,Commercial
49,,10000,flatFee,0,,Commercial
50,,10000,flatFee,0,,Commercial
51,,10000,flatFee,0,,Commercial
52,,10000,flatFee,0,,Commercial
53,,10000,flatFee,0,,Commercial
54,,10000,flatFee,0,,Commercial
55,,10000,flatFee,0,,Commercial
56,,10000,flatFee,0,,Commercial
57,,10000,flatFee,0,,Commercial
58,,10000,flatFee,0,,Commercial
59,,10000,flatFee,0,,Commercial
60,,10000,flatFee,0,,Commercial
61,,10000,flatFee,0,,Commercial
62,,10000,flatFee,0,,Commercial
63,,10000,flatFee,0,,Commercial
64,,10000,flatFee,0,,Commercial
65,,10000,flatFee,0,,Commercial
66,,10000,flatFee,0,,Commercial
67,,10000,flatFee,0,,Commercial
68,,10000,flatFee,0,,Commercial
69,,10000,flatFee,0,,Commercial
70,,10000,flatFee,0,,Commercial
71,,10000,flatFee,0,,Commercial
72,,10000,flatFee,0,,Commercial
73,,10000,flatFee,0,,Commercial
74,,10000,flatFee,0,,Commercial
75,,10000,flatFee,0,,Commercial
76,,10000,flatFee,0,,Commercial
77,,10000,flatFee,0,,Commercial
78,,10000,flatFee,0,,Commercial
79,,10000,flatFee,0,,Commercial
80,,10000,flatFee,0,,Commercial
81,,10000,flatFee,0,,Commercial
82,,10000,flatFee,0,,Commercial
83,,10000,flatFee,0,,Commercial
84,,10000,flatFee,0,,Commercial
85,,10000,flatFee,0,,Commercial
86,,10000,flatFee,0,,Commercial
87,,10000,flatFee,0,,Commercial
88,,10000,flatFee,0,,Commercial
89,,10000,flatFee,0,,Commercial
90,,10000,flatFee,0,,Commercial
91,,10000,flatFee,0,,Commercial
92,,10000,flatFee,0,,Commercial
93,,10000,flatFee,0,,Commercial
94,,10000,flatFee,0,,Commercial
95,,10000,flatFee,0,,Commercial
96,,10000,flatFee,0,,Commercial
97,,10000,flatFee,0,,Commercial
98,,10000,flatFee,0,,Commercial
99,,10000,flatFee,0,,Commercial
100,,10000,flatFee,0,,Commercial
101,,10000,flatFee,0,,Commercial
102,,10000,flatFee,0,,Commercial
103,,10000,flatFee,0,,Commercial
104,,10000,flatFee,0,,Commercial
105,,10000,flatFee,0,,Commercial
106,,10000,flatFee,0,,Commercial
107,,10000,flatFee,0,,Commercial
108,,10000,flatFee,0,,Commercial
109,,10000,flatFee,0,,Commercial
110,,10000,flatFee,0,,Commercial
111,,10000,flatFee,0,,Commercial
112,,10000,flatFee,0,,Commercial
113,,10000,flatFee,0,,Commercial
114,,10000,flatFee,0,,Commercial
115,,10000,flatFee,0,,Commercial
116,,10000,flatFee,0,,Commercial
117,,10000,flatFee,0,,Commercial
118,,10000,flatFee,0,,Commercial
119,,10000,flatFee,0,,Commercial
120,,10000,flatFee,0,,Commercial
121,,10000,flatFee,0,,Commercial
122,,10000,flatFee,0,,Commercial
123,,10000,flatFee,0,,Commercial
124,,10000,flatFee,0,,Commercial
125,,10000,flatFee,0,,Commercial
126,,10000,flatFee,0,,Commercial
127,,10000,flatFee,0,,Commercial
128,,10000,flatFee,0,,Commercial
129,,10000,flatFee,0,,Commercial
130,,10000,flatFee,0,,Commercial
131,,10000,flatFee,0,,Commercial
132,,10000,flatFee,0,,Commercial
133,,10000,flatFee,0,,Commercial
134,,10000,flatFee,0,,Commercial
135,,10000,flatFee,0,,Commercial
136,,10000,flatFee,0,,Commercial
137,,10000,flatFee,0,,Commercial
138,,10000,flatFee,0,,Commercial
139,,10000,flatFee,0,,Commercial
140,,10000,flatFee,0,,Commercial
141,,10000,flatFee,0,,Commercial
142,,10000,flatFee,0,,Commercial
143,,10000,flatFee,0,,Commercial
144,,10000,flatFee,0,,Commercial
145,,10000,flatFee,0,,Commercial
146,,10000,flatFee,0,,Commercial
147,,10000,flatFee,0,,Commercial
148,,10000,flatFee,0,,Commercial
149,,10000,flatFee,0,,Commercial
150,,10000,flatFee,0,,Commercial
151,,10000,flatFee,0,,Commercial
152,,10000,flatFee,0,,Commercial
153,,10000,flatFee,0,,Commercial
154,,10000,flatFee,0,,Commercial
155,,10000,flatFee,0,,Commercial
156,,10000,flatFee,0,,Commercial
157,,10000,flatFee,0,,Commercial
158,,10000,flatFee,0,,Commercial
159,,10000,flatFee,0,,Commercial
160,,10000,flatFee,0,,Commercial
161,,10000,flatFee,0,,Commercial
162,,10000,flatFee,0,,Commercial
163,,10000,flatFee,0,,Commercial
164,,10000,flatFee,0,,Commercial
165,,10000,flatFee,0,,Commercial
166,,10000,flatFee,0,,Commercial
167,,10000,flatFee,0,,Commercial
168,,10000,flatFee,0,,Commercial
169,,10000,flatFee,0,,Commercial
170,,10000,flatFee,0,,Commercial
171,,10000,flatFee,0,,Commercial
172,,10000,flatFee,0,,Commercial
173,,10000,flatFee,0,,Commercial
174,,10000,flatFee,0,,Commercial
175,,10000,flatFee,0,,Commercial
176,,10000,flatFee,0,,Commercial
177,,10000,flatFee,0,,Commercial
178,,10000,flatFee,0,,Commercial
179,,10000,flatFee,0,,Commercial
180,,10000,flatFee,0,,Commercial
181,,10000,flatFee,0,,Commercial
182,,10000,flatFee,0,,Commercial
183,,10000,flatFee,0,,Commercial
184,,10000,flatFee,0,,Commercial
185,,10000,flatFee,0,,Commercial
186,,10000,flatFee,0,,Commercial
187,,10000,flatFee,0,,Commercial
188,,10000,flatFee,0,,Commercial
189,,10000,flatFee,0,,Commercial
190,,10000,flatFee,0,,Commercial
191,,10000,flatFee,0,,Commercial
192,,10000,flatFee,0,,Commercial
193,,10000,flatFee,0,,Commercial
194,,10000,flatFee,0,,Commercial
195,,10000,flatFee,0,,Commercial
196,,10000,flatFee,0,,Commercial
197,,10000,flatFee,0,,Commercial
198,,10000,flatFee,0,,Commercial
199,,10000,flatFee,0,,Commercial
200,,10000,flatFee,0,,Commercial
201,,10000,flatFee,0,,Commercial
202,,10000,flatFee,0,,Commercial
203,,10000,flatFee,0,,Commercial
204,,10000,flatFee,0,,Commercial
205,,10000,flatFee,0,,Commercial
206,,10000,flatFee,0,,Commercial
207,,10000,flatFee,0,,Commercial
208,,10000,flatFee,0,,Commercial
209,,10000,flatFee,0,,Commercial
210,,10000,flatFee,0,,Commercial
211,,10000,flatFee,0,,Commercial
212,,10000,flatFee,0,,Commercial
213,,10000,flatFee,0,,Commercial
214,,10000,flatFee,0,,Commercial
215,,10000,flatFee,0,,Commercial
216,,10000,flatFee,0,,Commercial
217,,10000,flatFee,0,,Commercial
218,,10000,flatFee,0,,Commercial
219,,10000,flatFee,0,,Commercial
220,,10000,flatFee,0,,Commercial
221,,10000,flatFee,0,,Commercial
222,,10000,flatFee,0,,Commercial
223,,10000,flatFee,0,,Commercial
224,,10000,flatFee,0,,Commercial
225,,10000,flatFee,0,,Commercial
226,,10000,flatFee,0,,Commercial
227,,10000,flatFee,0,,Commercial
228,,10000,flatFee,0,,Commercial
229,,10000,flatFee,0,,Commercial
230,,10000,flatFee,0,,Commercial
231,,10000,flatFee,0,,Commercial
232,,10000,flatFee,0,,Commercial
233,,10000,flatFee,0,,Commercial
234,,10000,flatFee,0,,Commercial
235,,10000,flatFee,0,,Commercial
236,,10000,flatFee,0,,Commercial
237,,10000,flatFee,0,,Commercial
238,,10000,flatFee,0,,Commercial
239,,10000,flatFee,0,,Commercial
240,,10000,flatFee,0,,Commercial
241,,10000,flatFee,0,,Commercial
242,,10000,flatFee,0,,Commercial
243,,10000,flatFee,0,,Commercial
244,,10000,flatFee,0,,Commercial
245,,10000,flatFee,0,,Commercial
246,,10000,flatFee,0,,Commercial
247,,10000,flatFee,0,,Commercial
248,,10000,flatFee,0,,Commercial
249,,10000,flatFee,0,,Commercial
250,,10000,flatFee,0,,Commercial
251,,10000,flatFee,0,,Commercial
252,,10000,flatFee,0,,Commercial
253,,10000,flatFee,0,,Commercial
254,,10000,flatFee,0,,Commercial
255,,10000,flatFee,0,,Commercial
256,,10000,flatFee,0,,Commercial
257,,10000,flatFee,0,,Commercial
258,,10000,flatFee,0,,Commercial
259,,10000,flatFee,0,,Commercial
260,,10000,flatFee,0,,Commercial
261,,10000,flatFee,0,,Commercial
262,,10000,flatFee,0,,Commercial
263,,10000,flatFee,0,,Commercial
264,,10000,flatFee,0,,Commercial
265,,10000,flatFee,0,,Commercial
266,,10000,flatFee,0,,Commercial
267,,10000,flatFee,0,,Commercial
268,,10000,flatFee,0,,Commercial
269,,10000,flatFee,0,,Commercial
270,,10000,flatFee,0,,Commercial
271,,10000,flatFee,0,,Commercial
272,,10000,flatFee,0,,Commercial
273,,10000,flatFee,0,,Commercial
274,,10000,flatFee,0,,Commercial
275,,10000,flatFee,0,,Commercial
276,,10000,flatFee,0,,Commercial
277,,10000,flatFee,0,,Commercial
278,,10000,flatFee,0,,Commercial
279,,10000,flatFee,0,,Commercial
280,,10000,flatFee,0,,Commercial
281,,10000,flatFee,0,,Commercial
282,,10000,flatFee,0,,Commercial
283,,10000,flatFee,0,,Commercial
284,,10000,flatFee,0,,Commercial
285,,10000,flatFee,0,,Commercial
286,,10000,flatFee,0,,Commercial
287,,10000,flatFee,0,,Commercial
288,,10000,flatFee,0,,Commercial
289,,10000,flatFee,0,,Commercial
290,,10000,flatFee,0,,Commercial
291,,10000,flatFee,0,,Commercial
292,,10000,flatFee,0,,Commercial
293,,10000,flatFee,0,,Commercial
294,,10000,flatFee,0,,Commercial
295,,10000,flatFee,0,,Commercial
296,,10000,flatFee,0,,Commercial
297,,10000,flatFee,0,,Commercial
298,,10000,flatFee,0,,Commercial
299,,10000,flatFee,0,,Commercial
300,,10000,flatFee,0,,Commercial
301,,10000,flatFee,0,,Commercial
302,,10000,flatFee,0,,Commercial
303,,10000,flatFee,0,,Commercial
304,,10000,flatFee,0,,Commercial
305,,10000,flatFee,0,,Commercial
306,,10000,flatFee,0,,Commercial
307,,10000,flatFee,0,,Commercial
308,,10000,flatFee,0,,Commercial
309,,10000,flatFee,0,,Commercial
310,,10000,flatFee,0,,Commercial
311,,10000,flatFee,0,,Commercial
312,,10000,flatFee,0,,Commercial
313,,10000,flatFee,0,,Commercial
314,,10000,flatFee,0,,Commercial
315,,10000,flatFee,0,,Commercial
316,,10000,flatFee,0,,Commercial
317,,10000,flatFee,0,,Commercial
318,,10000,flatFee,0,,Commercial
319,,10000,flatFee,0,,Commercial
320,,10000,flatFee,0,,Commercial
321,,10000,flatFee,0,,Commercial
322,,10000,flatFee,0,,Commercial
323,,10000,flatFee,0,,Commercial
324,,10000,flatFee,0,,Commercial
325,,10000,flatFee,0,,Commercial
326,,10000,flatFee,0,,Commercial
327,,10000,flatFee,0,,Commercial
328,,10000,flatFee,0,,Commercial
329,,10000,flatFee,0,,Commercial
330,,10000,flatFee,0,,Commercial
331,,10000,flatFee,0,,Commercial
332,,10000,flatFee,0,,Commercial
333,,10000,flatFee,0,,Commercial
334,,10000,flatFee,0,,Commercial
335,,10000,flatFee,0,,Commercial
336,,10000,flatFee,0,,Commercial
337,,10000,flatFee,0,,Commercial
338,,10000,flatFee,0,,Commercial
339,,10000,flatFee,0,,Commercial
340,,10000,flatFee,0,,Commercial
341,,10000,flatFee,0,,Commercial
342,,10000,flatFee,0,,Commercial
343,,10000,flatFee,0,,Commercial
344,,10000,flatFee,0,,Commercial
345,,10000,flatFee,0,,Commercial
346,,10000,flatFee,0,,Commercial
347,,10000,flatFee,0,,Commercial
348,,10000,flatFee,0,,Commercial
349,,10000,flatFee,0,,Commercial
350,,10000,flatFee,0,,Commercial
351,,10000,flatFee,0,,Commercial
352,,10000,flatFee,0,,Commercial
353,,10000,flatFee,0,,Commercial
354,,10000,flatFee,0,,Commercial
355,,10000,flatFee,0,,Commercial
356,,10000,flatFee,0,,Commercial
357,,10000,flatFee,0,,Commercial
358,,10000,flatFee,0,,Commercial
359,,10000,flatFee,0,,Commercial
360,,10000,flatFee,0,,Commercial
361,,10000,flatFee,0,,Commercial
362,,10000,flatFee,0,,Commercial
363,,10000,flatFee,0,,Commercial
364,,10000,flatFee,0,,Commercial
365,,10000,flatFee,0,,Commercial
366,,10000,flatFee,0,,Commercial
367,,10000,flatFee,0,,Commercial
368,,10000,flatFee,0,,Commercial
369,,10000,flatFee,0,,Commercial
370,,10000,flatFee,0,,Commercial
371,,10000,flatFee,0,,Commercial
372,,10000,flatFee,0,,Commercial
373,,10000,flatFee,0,,Commercial
374,,10000,flatFee,0,,Commercial
375,,10000,flatFee,0,,Commercial
376,,10000,flatFee,0,,Commercial
377,,10000,flatFee,0,,Commercial
378,,10000,flatFee,0,,Commercial
379,,10000,flatFee,0,,Commercial
380,,10000,flatFee,0,,Commercial
381,,10000,flatFee,0,,Commercial
382,,10000,flatFee,0,,Commercial
383,,10000,flatFee,0,,Commercial
384,,10000,flatFee,0,,Commercial
385,,10000,flatFee,0,,Commercial
386,,10000,flatFee,0,,Commercial
387,,10000,flatFee,0,,Commercial
388,,10000,flatFee,0,,Commercial
389,,10000,flatFee,0,,Commercial
390,,10000,flatFee,0,,Commercial
391,,10000,flatFee,0,,Commercial
392,,10000,flatFee,0,,Commercial
393,,10000,flatFee,0,,Commercial
394,,10000,flatFee,0,,Commercial
395,,10000,flatFee,0,,Commercial
396,,10000,flatFee,0,,Commercial
397,,10000,flatFee,0,,Commercial
398,,10000,flatFee,0,,Commercial
399,,10000,flatFee,0,,Commercial
400,,10000,flatFee,0,,Commercial
401,,10000,flatFee,0,,Commercial
402,,10000,flatFee,0,,Commercial
403,,10000,flatFee,0,,Commercial
404,,10000,flatFee,0,,Commercial
405,,10000,flatFee,0,,Commercial
406,,10000,flatFee,0,,Commercial
407,,10000,flatFee,0,,Commercial
408,,10000,flatFee,0,,Commercial
409,,10000,flatFee,0,,Commercial
410,,10000,flatFee,0,,Commercial
411,,10000,flatFee,0,,Commercial
412,,10000,flatFee,0,,Commercial
413,,10000,flatFee,0,,Commercial
414,,10000,flatFee,0,,Commercial
415,,10000,flatFee,0,,Commercial
416,,10000,flatFee,0,,Commercial
417,,10000,flatFee,0,,Commercial
418,,10000,flatFee,0,,Commercial
419,,10000,flatFee,0,,Commercial
420,,10000,flatFee,0,,Commercial
421,,10000,flatFee,0,,Commercial
422,,10000,flatFee,0,,Commercial
423,,10000,flatFee,0,,Commercial
424,,10000,flatFee,0,,Commercial
425,,10000,flatFee,0,,Commercial
426,,10000,flatFee,0,,Commercial
427,,10000,flatFee,0,,Commercial
428,,10000,flatFee,0,,Commercial
429,,10000,flatFee,0,,Commercial
430,,10000,flatFee,0,,Commercial
431,,10000,flatFee,0,,Commercial
432,,10000,flatFee,0,,Commercial
433,,10000,flatFee,0,,Commercial
434,,10000,flatFee,0,,Commercial
435,,10000,flatFee,0,,Commercial
436,,10000,flatFee,0,,Commercial
437,,10000,flatFee,0,,Commercial
438,,10000,flatFee,0,,Commercial
439,,10000,flatFee,0,,Commercial
440,,10000,flatFee,0,,Commercial
441,,10000,flatFee,0,,Commercial
442,,10000,flatFee,0,,Commercial
443,,10000,flatFee,0,,Commercial
444,,10000,flatFee,0,,Commercial
445,,10000,flatFee,0,,Commercial
446,,10000,flatFee,0,,Commercial
447,,10000,flatFee,0,,Commercial
448,,10000,flatFee,0,,Commercial
449,,10000,flatFee,0,,Commercial
450,,10000,flatFee,0,,Commercial
451,,10000,flatFee,0,,Commercial
452,,10000,flatFee,0,,Commercial
453,,10000,flatFee,0,,Commercial
454,,10000,flatFee,0,,Commercial
455,,10000,flatFee,0,,Commercial
456,,10000,flatFee,0,,Commercial
457,,10000,flatFee,0,,Commercial
458,,10000,flatFee,0,,Commercial
459,,10000,flatFee,0,,Commercial
460,,10000,flatFee,0,,Commercial
461,,10000,flatFee,0,,Commercial
462,,10000,flatFee,0,,Commercial
463,,10000,flatFee,0,,Commercial
464,,10000,flatFee,0,,Commercial
465,,10000,flatFee,0,,Commercial
466,,10000,flatFee,0,,Commercial
467,,10000,flatFee,0,,Commercial
468,,10000,flatFee,0,,Commercial
469,,10000,flatFee,0,,Commercial
470,,10000,flatFee,0,,Commercial
471,,10000,flatFee,0,,Commercial
472,,10000,flatFee,0,,Commercial
473,,10000,flatFee,0,,Commercial
474,,10000,flatFee,0,,Commercial
475,,10000,flatFee,0,,Commercial
476,,10000,flatFee,0,,Commercial
477,,10000,flatFee,0,,Commercial
478,,10000,flatFee,0,,Commercial
479,,10000,flatFee,0,,Commercial
480,,10000,flatFee,0,,Commercial
481,,10000,flatFee,0,,Commercial
482,,10000,flatFee,0,,Commercial
483,,10000,flatFee,0,,Commercial
484,,10000,flatFee,0,,Commercial
485,,10000,flatFee,0,,Commercial
486,,10000,flatFee,0,,Commercial
487,,10000,flatFee,0,,Commercial
488,,10000,flatFee,0,,Commercial
489,,10000,flatFee,0,,Commercial
490,,10000,flatFee,0,,Commercial
491,,10000,flatFee,0,,Commercial
492,,10000,flatFee,0,,Commercial
493,,10000,flatFee,0,,Commercial
494,,10000,flatFee,0,,Commercial
495,,10000,flatFee,0,,Commercial
496,,10000,flatFee,0,,Commercial
497,,10000,flatFee,0,,Commercial
498,,10000,flatFee,0,,Commercial
499,,10000,flatFee,0,,Commercial
500,,10000,flatFee,0,,Commercial
501,,10000,flatFee,0,,Commercial
502,,10000,flatFee,0,,Commercial
503,,10000,flatFee,0,,Commercial
504,,10000,flatFee,0,,Commercial
505,,10000,flatFee,0,,Commercial
506,,10000,flatFee,0,,Commercial
507,,10000,flatFee,0,,Commercial
508,,10000,flatFee,0,,Commercial
509,,10000,flatFee,0,,Commercial
510,,10000,flatFee,0,,Commercial
511,,10000,flatFee,0,,Commercial
512,,10000,flatFee,0,,Commercial
513,,10000,flatFee,0,,Commercial
514,,10000,flatFee,0,,Commercial
515,,10000,flatFee,0,,Commercial
516,,10000,flatFee,0,,Commercial
517,,10000,flatFee,0,,Commercial
518,,10000,flatFee,0,,Commercial
519,,10000,flatFee,0,,Commercial
520,,10000,flatFee,0,,Commercial
521,,10000,flatFee,0,,Commercial
522,,10000,flatFee,0,,Commercial
523,,10000,flatFee,0,,Commercial
524,,10000,flatFee,0,,Commercial
525,,10000,flatFee,0,,Commercial
526,,10000,flatFee,0,,Commercial
527,,10000,flatFee,0,,Commercial
528,,10000,flatFee,0,,Commercial
529,,10000,flatFee,0,,Commercial
530,,10000,flatFee,0,,Commercial
531,,10000,flatFee,0,,Commercial
532,,10000,flatFee,0,,Commercial
533,,10000,flatFee,0,,Commercial
534,,10000,flatFee,0,,Commercial
535,,10000,flatFee,0,,Commercial
536,,10000,flatFee,0,,Commercial
537,,10000,flatFee,0,,Commercial
538,,10000,flatFee,0,,Commercial
539,,10000,flatFee,0,,Commercial
540,,10000,flatFee,0,,Commercial
541,,10000,flatFee,0,,Commercial
542,,10000,flatFee,0,,Commercial
543,,10000,flatFee,0,,Commercial
544,,10000,flatFee,0,,Commercial
545,,10000,flatFee,0,,Commercial
546,,10000,flatFee,0,,Commercial
547,,10000,flatFee,0,,Commercial
548,,10000,flatFee,0,,Commercial
549,,10000,flatFee,0,,Commercial
550,,10000,flatFee,0,,Commercial
551,,10000,flatFee,0,,Commercial
552,,10000,flatFee,0,,Commercial
553,,10000,flatFee,0,,Commercial
554,,10000,flatFee,0,,Commercial
555,,10000,flatFee,0,,Commercial
556,,10000,flatFee,0,,Commercial
557,,10000,flatFee,0,,Commercial
558,,10000,flatFee,0,,Commercial
559,,10000,flatFee,0,,Commercial
560,,10000,flatFee,0,,Commercial
561,,10000,flatFee,0,,Commercial
562,,10000,flatFee,0,,Commercial
563,,10000,flatFee,0,,Commercial
564,,10000,flatFee,0,,Commercial
565,,10000,flatFee,0,,Commercial
566,,10000,flatFee,0,,Commercial
567,,10000,flatFee,0,,Commercial
568,,10000,flatFee,0,,Commercial
569,,10000,flatFee,0,,Commercial
570,,10000,flatFee,0,,Commercial
571,,10000,flatFee,0,,Commercial
572,,10000,flatFee,0,,Commercial
573,,10000,flatFee,0,,Commercial
574,,10000,flatFee,0,,Commercial
575,,10000,flatFee,0,,Commercial
576,,10000,flatFee,0,,Commercial
577,,10000,flatFee,0,,Commercial
578,,10000,flatFee,0,,Commercial
579,,10000,flatFee,0,,Commercial
580,,10000,flatFee,0,,Commercial
581,,10000,flatFee,0,,Commercial
582,,10000,flatFee,0,,Commercial
583,,10000,flatFee,0,,Commercial
584,,10000,flatFee,0,,Commercial
585,,10000,flatFee,0,,Commercial
586,,10000,flatFee,0,,Commercial
587,,10000,flatFee,0,,Commercial
588,,10000,flatFee,0,,Commercial
589,,10000,flatFee,0,,Commercial
590,,10000,flatFee,0,,Commercial
591,,10000,flatFee,0,,Commercial
592,,10000,flatFee,0,,Commercial
593,,10000,flatFee,0,,Commercial
594,,10000,flatFee,0,,Commercial
595,,10000,flatFee,0,,Commercial
596,,10000,flatFee,0,,Commercial
597,,10000,flatFee,0,,Commercial
598,,10000,flatFee,0,,Commercial
599,,10000,flatFee,0,,Commercial
600,,10000,flatFee,0,,Commercial
601,,10000,flatFee,0,,Commercial
602,,10000,flatFee,0,,Commercial
603,,10000,flatFee,0,,Commercial
604,,10000,flatFee,0,,Commercial
605,,10000,flatFee,0,,Commercial
606,,10000,flatFee,0,,Commercial
607,,10000,flatFee,0,,Commercial
608,,10000,flatFee,0,,Commercial
609,,10000,flatFee,0,,Commercial
610,,10000,flatFee,0,,Commercial
611,,10000,flatFee,0,,Commercial
612,,10000,flatFee,0,,Commercial
613,,10000,flatFee,0,,Commercial
614,,10000,flatFee,0,,Commercial
615,,10000,flatFee,0,,Commercial
616,,10000,flatFee,0,,Commercial
617,,10000,flatFee,0,,Commercial
618,,10000,flatFee,0,,Commercial
619,,10000,flatFee,0,,Commercial
620,,10000,flatFee,0,,Commercial
621,,10000,flatFee,0,,Commercial
622,,10000,flatFee,0,,Commercial
623,,10000,flatFee,0,,Commercial
624,,10000,flatFee,0,,Commercial
625,,10000,flatFee,0,,Commercial
626,,10000,flatFee,0,,Commercial
627,,10000,flatFee,0,,Commercial
628,,10000,flatFee,0,,Commercial
629,,10000,flatFee,0,,Commercial
630,,10000,flatFee,0,,Commercial
631,,10000,flatFee,0,,Commercial
632,,10000,flatFee,0,,Commercial
633,,10000,flatFee,0,,Commercial
634,,10000,flatFee,0,,Commercial
635,,10000,flatFee,0,,Commercial
636,,10000,flatFee,0,,Commercial
637,,10000,flatFee,0,,Commercial
638,,10000,flatFee,0,,Commercial
639,,10000,flatFee,0,,Commercial
640,,10000,flatFee,0,,Commercial
641,,10000,flatFee,0,,Commercial
642,,10000,flatFee,0,,Commercial
643,,10000,flatFee,0,,Commercial
644,,10000,flatFee,0,,Commercial
645,,10000,flatFee,0,,Commercial
646,,10000,flatFee,0,,Commercial
647,,10000,flatFee,0,,Commercial
648,,10000,flatFee,0,,Commercial
649,,10000,flatFee,0,,Commercial
650,,10000,flatFee,0,,Commercial
651,,10000,flatFee,0,,Commercial
652,,10000,flatFee,0,,Commercial
653,,10000,flatFee,0,,Commercial
654,,10000,flatFee,0,,Commercial
655,,10000,flatFee,0,,Commercial
656,,10000,flatFee,0,,Commercial
657,,10000,flatFee,0,,Commercial
658,,10000,flatFee,0,,Commercial
659,,10000,flatFee,0,,Commercial
660,,10000,flatFee,0,,Commercial
661,,10000,flatFee,0,,Commercial
662,,10000,flatFee,0,,Commercial
663,,10000,flatFee,0,,Commercial
664,,10000,flatFee,0,,Commercial
665,,10000,flatFee,0,,Commercial
666,,10000,flatFee,0,,Commercial
667,,10000,flatFee,0,,Commercial
668,,10000,flatFee,0,,Commercial
669,,10000,flatFee,0,,Commercial
670,,10000,flatFee,0,,Commercial
671,,10000,flatFee,0,,Commercial
672,,10000,flatFee,0,,Commercial
673,,10000,flatFee,0,,Commercial
674,,10000,flatFee,0,,Commercial
675,,10000,flatFee,0,,Commercial
676,,10000,flatFee,0,,Commercial
677,,10000,flatFee,0,,Commercial
678,,10000,flatFee,0,,Commercial
679,,10000,flatFee,0,,Commercial
680,,10000,flatFee,0,,Commercial
681,,10000,flatFee,0,,Commercial
682,,10000,flatFee,0,,Commercial
683,,10000,flatFee,0,,Commercial
684,,10000,flatFee,0,,Commercial
685,,10000,flatFee,0,,Commercial
686,,10000,flatFee,0,,Commercial
687,,10000,flatFee,0,,Commercial
688,,10000,flatFee,0,,Commercial
689,,10000,flatFee,0,,Commercial
690,,10000,flatFee,0,,Commercial
691,,10000,flatFee,0,,Commercial
692,,10000,flatFee,0,,Commercial
693,,10000,flatFee,0,,Commercial
694,,10000,flatFee,0,,Commercial
695,,10000,flatFee,0,,Commercial
696,,10000,flatFee,0,,Commercial
697,,10000,flatFee,0,,Commercial
698,,10000,flatFee,0,,Commercial
699,,10000,flatFee,0,,Commercial
700,,10000,flatFee,0,,Commercial
701,,10000,flatFee,0,,Commercial
702,,10000,flatFee,0,,Commercial
703,,10000,flatFee,0,,Commercial
704,,10000,flatFee,0,,Commercial
705,,10000,flatFee,0,,Commercial
706,,10000,flatFee,0,,Commercial
707,,10000,flatFee,0,,Commercial
708,,10000,flatFee,0,,Commercial
709,,10000,flatFee,0,,Commercial
710,,10000,flatFee,0,,Commercial
711,,10000,flatFee,0,,Commercial
712,,10000,flatFee,0,,Commercial
713,,10000,flatFee,0,,Commercial
714,,10000,flatFee,0,,Commercial
715,,10000,flatFee,0,,Commercial
716,,10000,flatFee,0,,Commercial
717,,10000,flatFee,0,,Commercial
718,,10000,flatFee,0,,Commercial
719,,10000,flatFee,0,,Commercial
720,,10000,flatFee,0,,Commercial
721,,10000,flatFee,0,,Commercial
722,,10000,flatFee,0,,Commercial
723,,10000,flatFee,0,,Commercial
724,,10000,flatFee,0,,Commercial
725,,10000,flatFee,0,,Commercial
726,,10000,flatFee,0,,Commercial
727,,10000,flatFee,0,,Commercial
728,,10000,flatFee,0,,Commercial
729,,10000,flatFee,0,,Commercial
730,,10000,flatFee,0,,Commercial
731,,10000,flatFee,0,,Commercial
732,,10000,flatFee,0,,Commercial
733,,10000,flatFee,0,,Commercial
734,,10000,flatFee,0,,Commercial
735,,10000,flatFee,0,,Commercial
736,,10000,flatFee,0,,Commercial
737,,10000,flatFee,0,,Commercial
738,,10000,flatFee,0,,Commercial
739,,10000,flatFee,0,,Commercial
740,,10000,flatFee,0,,Commercial
741,,10000,flatFee,0,,Commercial
742,,10000,flatFee,0,,Commercial
743,,10000,flatFee,0,,Commercial
744,,10000,flatFee,0,,Commercial
745,,10000,flatFee,0,,Commercial
746,,10000,flatFee,0,,Commercial
747,,10000,flatFee,0,,Commercial
748,,10000,flatFee,0,,Commercial
749,,10000,flatFee,0,,Commercial
750,,10000,flatFee,0,,Commercial
751,,10000,flatFee,0,,Commercial
752,,10000,flatFee,0,,Commercial
753,,10000,flatFee,0,,Commercial
754,,10000,flatFee,0,,Commercial
755,,10000,flatFee,0,,Commercial
756,,10000,flatFee,0,,Commercial
757,,10000,flatFee,0,,Commercial
758,,10000,flatFee,0,,Commercial
759,,10000,flatFee,0,,Commercial
760,,10000,flatFee,0,,Commercial
761,,10000,flatFee,0,,Commercial
762,,10000,flatFee,0,,Commercial
763,,10000,flatFee,0,,Commercial
764,,10000,flatFee,0,,Commercial
765,,10000,flatFee,0,,Commercial
766,,10000,flatFee,0,,Commercial
767,,10000,flatFee,0,,Commercial
768,,10000,flatFee,0,,Commercial
769,,10000,flatFee,0,,Commercial
770,,10000,flatFee,0,,Commercial
771,,10000,flatFee,0,,Commercial
772,,10000,flatFee,0,,Commercial
773,,10000,flatFee,0,,Commercial
774,,10000,flatFee,0,,Commercial
775,,10000,flatFee,0,,Commercial
776,,10000,flatFee,0,,Commercial
777,,10000,flatFee,0,,Commercial
778,,10000,flatFee,0,,Commercial
779,,10000,flatFee,0,,Commercial
780,,10000,flatFee,0,,Commercial
781,,10000,flatFee,0,,Commercial
782,,10000,flatFee,0,,Commercial
783,,10000,flatFee,0,,Commercial
784,,10000,flatFee,0,,Commercial
785,,10000,flatFee,0,,Commercial
786,,10000,flatFee,0,,Commercial
787,,10000,flatFee,0,,Commercial
788,,10000,flatFee,0,,Commercial
789,,10000,flatFee,0,,Commercial
790,,10000,flatFee,0,,Commercial
791,,10000,flatFee,0,,Commercial
792,,10000,flatFee,0,,Commercial
793,,10000,flatFee,0,,Commercial
794,,10000,flatFee,0,,Commercial
795,,10000,flatFee,0,,Commercial
796,,10000,flatFee,0,,Commercial
797,,10000,flatFee,0,,Commercial
798,,10000,flatFee,0,,Commercial
799,,10000,flatFee,0,,Commercial
800,,10000,flatFee,0,,Commercial
801,,10000,flatFee,0,,Commercial
802,,10000,flatFee,0,,Commercial
803,,10000,flatFee,0,,Commercial
804,,10000,flatFee,0,,Commercial
805,,10000,flatFee,0,,Commercial
806,,10000,flatFee,0,,Commercial
807,,10000,flatFee,0,,Commercial
808,,10000,flatFee,0,,Commercial
809,,10000,flatFee,0,,Commercial
810,,10000,flatFee,0,,Commercial
811,,10000,flatFee,0,,Commercial
812,,10000,flatFee,0,,Commercial
813,,10000,flatFee,0,,Commercial
814,,10000,flatFee,0,,Commercial
815,,10000,flatFee,0,,Commercial
816,,10000,flatFee,0,,Commercial
817,,10000,flatFee,0,,Commercial
818,,10000,flatFee,0,,Commercial
819,,10000,flatFee,0,,Commercial
820,,10000,flatFee,0,,Commercial
821,,10000,flatFee,0,,Commercial
822,,10000,flatFee,0,,Commercial
823,,10000,flatFee,0,,Commercial
824,,10000,flatFee,0,,Commercial
825,,10000,flatFee,0,,Commercial
826,,10000,flatFee,0,,Commercial
827,,10000,flatFee,0,,Commercial
828,,10000,flatFee,0,,Commercial
829,,10000,flatFee,0,,Commercial
830,,10000,flatFee,0,,Commercial
831,,10000,flatFee,0,,Commercial
832,,10000,flatFee,0,,Commercial
833,,10000,flatFee,0,,Commercial
834,,10000,flatFee,0,,Commercial
835,,10000,flatFee,0,,Commercial
836,,10000,flatFee,0,,Commercial
837,,10000,flatFee,0,,Commercial
838,,10000,flatFee,0,,Commercial
839,,10000,flatFee,0,,Commercial
840,,10000,flatFee,0,,Commercial
841,,10000,flatFee,0,,Commercial
842,,10000,flatFee,0,,Commercial
843,,10000,flatFee,0,,Commercial
844,,10000,flatFee,0,,Commercial
845,,10000,flatFee,0,,Commercial
846,,10000,flatFee,0,,Commercial
847,,10000,flatFee,0,,Commercial
848,,10000,flatFee,0,,Commercial
849,,10000,flatFee,0,,Commercial
850,,10000,flatFee,0,,Commercial
851,,10000,flatFee,0,,Commercial
852,,10000,flatFee,0,,Commercial
853,,10000,flatFee,0,,Commercial
854,,10000,flatFee,0,,Commercial
855,,10000,flatFee,0,,Commercial
856,,10000,flatFee,0,,Commercial
857,,10000,flatFee,0,,Commercial
858,,10000,flatFee,0,,Commercial
859,,10000,flatFee,0,,Commercial
860,,10000,flatFee,0,,Commercial
861,,10000,flatFee,0,,Commercial
862,,10000,flatFee,0,,Commercial
863,,10000,flatFee,0,,Commercial
864,,10000,flatFee,0,,Commercial
865,,10000,flatFee,0,,Commercial
866,,10000,flatFee,0,,Commercial
867,,10000,flatFee,0,,Commercial
868,,10000,flatFee,0,,Commercial
869,,10000,flatFee,0,,Commercial
870,,10000,flatFee,0,,Commercial
871,,10000,flatFee,0,,Commercial
872,,10000,flatFee,0,,Commercial
873,,10000,flatFee,0,,Commercial
874,,10000,flatFee,0,,Commercial
875,,10000,flatFee,0,,Commercial
876,,10000,flatFee,0,,Commercial
877,,10000,flatFee,0,,Commercial
878,,10000,flatFee,0,,Commercial
879,,10000,flatFee,0,,Commercial
880,,10000,flatFee,0,,Commercial
881,,10000,flatFee,0,,Commercial
882,,10000,flatFee,0,,Commercial
883,,10000,flatFee,0,,Commercial
884,,10000,flatFee,0,,Commercial
885,,10000,flatFee,0,,Commercial
886,,10000,flatFee,0,,Commercial
887,,10000,flatFee,0,,Commercial
888,,10000,flatFee,0,,Commercial
889,,10000,flatFee,0,,Commercial
890,,10000,flatFee,0,,Commercial
891,,10000,flatFee,0,,Commercial
892,,10000,flatFee,0,,Commercial
893,,10000,flatFee,0,,Commercial
894,,10000,flatFee,0,,Commercial
895,,10000,flatFee,0,,Commercial
896,,10000,flatFee,0,,Commercial
897,,10000,flatFee,0,,Commercial
898,,10000,flatFee,0,,Commercial
899,,10000,flatFee,0,,Commercial
900,,10000,flatFee,0,,Commercial
901,,10000,flatFee,0,,Commercial
902,,10000,flatFee,0,,Commercial
903,,10000,flatFee,0,,Commercial
904,,10000,flatFee,0,,Commercial
905,,10000,flatFee,0,,Commercial
906,,10000,flatFee,0,,Commercial
907,,10000,flatFee,0,,Commercial
908,,10000,flatFee,0,,Commercial
909,,10000,flatFee,0,,Commercial
910,,10000,flatFee,0,,Commercial
911,,10000,flatFee,0,,Commercial
912,,10000,flatFee,0,,Commercial
913,,10000,flatFee,0,,Commercial
914,,10000,flatFee,0,,Commercial
915,,10000,flatFee,0,,Commercial
916,,10000,flatFee,0,,Commercial
917,,10000,flatFee,0,,Commercial
918,,10000,flatFee,0,,Commercial
919,,10000,flatFee,0,,Commercial
920,,10000,flatFee,0,,Commercial
921,,10000,flatFee,0,,Commercial
922,,10000,flatFee,0,,Commercial
923,,10000,flatFee,0,,Commercial
924,,10000,flatFee,0,,Commercial
925,,10000,flatFee,0,,Commercial
926,,10000,flatFee,0,,Commercial
927,,10000,flatFee,0,,Commercial
928,,10000,flatFee,0,,Commercial
929,,10000,flatFee,0,,Commercial
930,,10000,flatFee,0,,Commercial
931,,10000,flatFee,0,,Commercial
932,,10000,flatFee,0,,Commercial
933,,10000,flatFee,0,,Commercial
934,,10000,flatFee,0,,Commercial
935,,10000,flatFee,0,,Commercial
936,,10000,flatFee,0,,Commercial
937,,10000,flatFee,0,,Commercial
938,,10000,flatFee,0,,Commercial
939,,10000,flatFee,0,,Commercial
940,,10000,flatFee,0,,Commercial
941,,10000,flatFee,0,,Commercial
942,,10000,flatFee,0,,Commercial
943,,10000,flatFee,0,,Commercial
944,,10000,flatFee,0,,Commercial
945,,10000,flatFee,0,,Commercial
946,,10000,flatFee,0,,Commercial
947,,10000,flatFee,0,,Commercial
948,,10000,flatFee,0,,Commercial
949,,10000,flatFee,0,,Commercial
950,,10000,flatFee,0,,Commercial
951,,10000,flatFee,0,,Commercial
952,,10000,flatFee,0,,Commercial
953,,10000,flatFee,0,,Commercial
954,,10000,flatFee,0,,Commercial
955,,10000,flatFee,0,,Commercial
956,,10000,flatFee,0,,Commercial
957,,10000,flatFee,0,,Commercial
958,,10000,flatFee,0,,Commercial
959,,10000,flatFee,0,,Commercial
960,,10000,flatFee,0,,Commercial
961,,10000,flatFee,0,,Commercial
962,,10000,flatFee,0,,Commercial
963,,10000,flatFee,0,,Commercial
964,,10000,flatFee,0,,Commercial
965,,10000,flatFee,0,,Commercial
966,,10000,flatFee,0,,Commercial
967,,10000,flatFee,0,,Commercial
968,,10000,flatFee,0,,Commercial
969,,10000,flatFee,0,,Commercial
970,,10000,flatFee,0,,Commercial
971,,10000,flatFee,0,,Commercial
972,,10000,flatFee,0,,Commercial
973,,10000,flatFee,0,,Commercial
974,,10000,flatFee,0,,Commercial
975,,10000,flatFee,0,,Commercial
976,,10000,flatFee,0,,Commercial
977,,10000,flatFee,0,,Commercial
978,,10000,flatFee,0,,Commercial
979,,10000,flatFee,0,,Commercial
980,,10000,flatFee,0,,Commercial
981,,10000,flatFee,0,,Commercial
982,,10000,flatFee,0,,Commercial
983,,10000,flatFee,0,,Commercial
984,,10000,flatFee,0,,Commercial
985,,10000,flatFee,0,,Commercial
986,,10000,flatFee,0,,Commercial
987,,10000,flatFee,0,,Commercial
988,,10000,flatFee,0,,Commercial
989,,10000,flatFee,0,,Commercial
990,,10000,flatFee,0,,Commercial
991,,10000,flatFee,0,,Commercial
992,,10000,flatFee,0,,Commercial
993,,10000,flatFee,0,,Commercial
994,,10000,flatFee,0,,Commercial
995,,10000,flatFee,0,,Commercial
996,,10000,flatFee,0,,Commercial
997,,10000,flatFee,0,,Commercial
998,,10000,flatFee,0,,Commercial
999,,10000,flatFee,0,,Commercial
1000,,10000,flatFee,0,,Commercial
1001,,10000,flatFee,0,,Commercial
1002,,10000,flatFee,0,,Commercial
1003,,10000,flatFee,0,,Commercial
1004,,10000,flatFee,0,,Commercial
1005,,10000,flatFee,0,,Commercial
1006,,10000,flatFee,0,,Commercial
1007,,10000,flatFee,0,,Commercial
1008,,10000,flatFee,0,,Commercial
1009,,10000,flatFee,0,,Commercial
1010,,10000,flatFee,0,,Commercial
1011,,10000,flatFee,0,,Commercial
1012,,10000,flatFee,0,,Commercial
1013,,10000,flatFee,0,,Commercial
1014,,10000,flatFee,0,,Commercial
1015,,10000,flatFee,0,,Commercial
1016,,10000,flatFee,0,,Commercial
1017,,10000,flatFee,0,,Commercial
1018,,10000,flatFee,0,,Commercial
1019,,10000,flatFee,0,,Commercial
1020,,10000,flatFee,0,,Commercial
1021,,10000,flatFee,0,,Commercial
1022,,10000,flatFee,0,,Commercial
1023,,10000,flatFee,0,,Commercial
1024,,10000,flatFee,0,,Commercial
1025,,10000,flatFee,0,,Commercial
1026,,10000,flatFee,0,,Commercial
1027,,10000,flatFee,0,,Commercial
1028,,10000,flatFee,0,,Commercial
1029,,10000,flatFee,0,,Commercial
1030,,10000,flatFee,0,,Commercial
1031,,10000,flatFee,0,,Commercial
1032,,10000,flatFee,0,,Commercial
1033,,10000,flatFee,0,,Commercial
1034,,10000,flatFee,0,,Commercial
1035,,10000,flatFee,0,,Commercial
1036,,10000,flatFee,0,,Commercial
1037,,10000,flatFee,0,,Commercial
1038,,10000,flatFee,0,,Commercial
1039,,10000,flatFee,0,,Commercial
1040,,10000,flatFee,0,,Commercial
1041,,10000,flatFee,0,,Commercial
1042,,10000,flatFee,0,,Commercial
1043,,10000,flatFee,0,,Commercial
1044,,10000,flatFee,0,,Commercial
1045,,10000,flatFee,0,,Commercial
1046,,10000,flatFee,0,,Commercial
1047,,10000,flatFee,0,,Commercial
1048,,10000,flatFee,0,,Commercial
1049,,10000,flatFee,0,,Commercial
1050,,10000,flatFee,0,,Commercial
1051,,10000,flatFee,0,,Commercial
1052,,10000,flatFee,0,,Commercial
1053,,10000,flatFee,0,,Commercial
1054,,10000,flatFee,0,,Commercial
1055,,10000,flatFee,0,,Commercial
1056,,10000,flatFee,0,,Commercial
1057,,10000,flatFee,0,,Commercial
1058,,10000,flatFee,0,,Commercial
1059,,10000,flatFee,0,,Commercial
1060,,10000,flatFee,0,,Commercial
1061,,10000,flatFee,0,,Commercial
1062,,10000,flatFee,0,,Commercial
1063,,10000,flatFee,0,,Commercial
1064,,10000,flatFee,0,,Commercial
1065,,10000,flatFee,0,,Commercial
1066,,10000,flatFee,0,,Commercial
1067,,10000,flatFee,0,,Commercial
1068,,10000,flatFee,0,,Commercial
1069,,10000,flatFee,0,,Commercial
1070,,10000,flatFee,0,,Commercial
1071,,10000,flatFee,0,,Commercial
1072,,10000,flatFee,0,,Commercial
1073,,10000,flatFee,0,,Commercial
1074,,10000,flatFee,0,,Commercial
1075,,10000,flatFee,0,,Commercial
1076,,10000,flatFee,0,,Commercial
1077,,10000,flatFee,0,,Commercial
1078,,10000,flatFee,0,,Commercial
1079,,10000,flatFee,0,,Commercial
1080,,10000,flatFee,0,,Commercial
1081,,10000,flatFee,0,,Commercial
1082,,10000,flatFee,0,,Commercial
1083,,10000,flatFee,0,,Commercial
1084,,10000,flatFee,0,,Commercial
1085,,10000,flatFee,0,,Commercial
1086,,10000,flatFee,0,,Commercial
1087,,10000,flatFee,0,,Commercial
1088,,10000,flatFee,0,,Commercial
1089,,10000,flatFee,0,,Commercial
1090,,10000,flatFee,0,,Commercial
1091,,10000,flatFee,0,,Commercial
1092,,10000,flatFee,0,,Commercial
1093,,10000,flatFee,0,,Commercial
1094,,10000,flatFee,0,,Commercial
1095,,10000,flatFee,0,,Commercial
1096,,10000,flatFee,0,,Commercial
1097,,10000,flatFee,0,,Commercial
1098,,10000,flatFee,0,,Commercial
1099,,10000,flatFee,0,,Commercial
1100,,10000,flatFee,0,,Commercial
1101,,10000,flatFee,0,,Commercial
1102,,10000,flatFee,0,,Commercial
1103,,10000,flatFee,0,,Commercial
1104,,10000,flatFee,0,,Commercial
1105,,10000,flatFee,0,,Commercial
1106,,10000,flatFee,0,,Commercial
1107,,10000,flatFee,0,,Commercial
1108,,10000,flatFee,0,,Commercial
1109,,10000,flatFee,0,,Commercial
1110,,10000,flatFee,0,,Commercial
1111,,10000,flatFee,0,,Commercial
1112,,10000,flatFee,0,,Commercial
1113,,10000,flatFee,0,,Commercial
1114,,10000,flatFee,0,,Commercial
1115,,10000,flatFee,0,,Commercial
1116,,10000,flatFee,0,,Commercial
1117,,10000,flatFee,0,,Commercial
1118,,10000,flatFee,0,,Commercial
1119,,10000,flatFee,0,,Commercial
1120,,10000,flatFee,0,,Commercial
1121,,10000,flatFee,0,,Commercial
1122,,10000,flatFee,0,,Commercial
1123,,10000,flatFee,0,,Commercial
1124,,10000,flatFee,0,,Commercial
1125,,10000,flatFee,0,,Commercial
1126,,10000,flatFee,0,,Commercial
1127,,10000,flatFee,0,,Commercial
1128,,10000,flatFee,0,,Commercial
1129,,10000,flatFee,0,,Commercial
1130,,10000,flatFee,0,,Commercial
1131,,10000,flatFee,0,,Commercial
1132,,10000,flatFee,0,,Commercial
1133,,10000,flatFee,0,,Commercial
1134,,10000,flatFee,0,,Commercial
1135,,10000,flatFee,0,,Commercial
1136,,10000,flatFee,0,,Commercial
1137,,10000,flatFee,0,,Commercial
1138,,10000,flatFee,0,,Commercial
1139,,10000,flatFee,0,,Commercial
1140,,10000,flatFee,0,,Commercial
1141,,10000,flatFee,0,,Commercial
1142,,10000,flatFee,0,,Commercial
1143,,10000,flatFee,0,,Commercial
1144,,10000,flatFee,0,,Commercial
1145,,10000,flatFee,0,,Commercial
1146,,10000,flatFee,0,,Commercial
1147,,10000,flatFee,0,,Commercial
1148,,10000,flatFee,0,,Commercial
1149,,10000,flatFee,0,,Commercial
1150,,10000,flatFee,0,,Commercial
1151,,10000,flatFee,0,,Commercial
1152,,10000,flatFee,0,,Commercial
1153,,10000,flatFee,0,,Commercial
1154,,10000,flatFee,0,,Commercial
1155,,10000,flatFee,0,,Commercial
1156,,10000,flatFee,0,,Commercial
1157,,10000,flatFee,0,,Commercial
1158,,10000,flatFee,0,,Commercial
1159,,10000,flatFee,0,,Commercial
1160,,10000,flatFee,0,,Commercial
1161,,10000,flatFee,0,,Commercial
1162,,10000,flatFee,0,,Commercial
1163,,10000,flatFee,0,,Commercial
1164,,10000,flatFee,0,,Commercial
1165,,10000,flatFee,0,,Commercial
1166,,10000,flatFee,0,,Commercial
1167,,10000,flatFee,0,,Commercial
1168,,10000,flatFee,0,,Commercial
1169,,10000,flatFee,0,,Commercial
1170,,10000,flatFee,0,,Commercial
1171,,10000,flatFee,0,,Commercial
1172,,10000,flatFee,0,,Commercial
1173,,10000,flatFee,0,,Commercial
1174,,10000,flatFee,0,,Commercial
1175,,10000,flatFee,0,,Commercial
1176,,10000,flatFee,0,,Commercial
1177,,10000,flatFee,0,,Commercial
1178,,10000,flatFee,0,,Commercial
1179,,10000,flatFee,0,,Commercial
1180,,10000,flatFee,0,,Commercial
1181,,10000,flatFee,0,,Commercial
1182,,10000,flatFee,0,,Commercial
1183,,10000,flatFee,0,,Commercial
1184,,10000,flatFee,0,,Commercial
1185,,10000,flatFee,0,,Commercial
1186,,10000,flatFee,0,,Commercial
1187,,10000,flatFee,0,,Commercial
1188,,10000,flatFee,0,,Commercial
1189,,10000,flatFee,0,,Commercial
1190,,10000,flatFee,0,,Commercial
1191,,10000,flatFee,0,,Commercial
1192,,10000,flatFee,0,,Commercial
1193,,10000,flatFee,0,,Commercial
1194,,10000,flatFee,0,,Commercial
1195,,10000,flatFee,0,,Commercial
1196,,10000,flatFee,0,,Commercial
1197,,10000,flatFee,0,,Commercial
1198,,10000,flatFee,0,,Commercial
1199,,10000,flatFee,0,,Commercial
1200,,10000,flatFee,0,,Commercial
1201,,10000,flatFee,0,,Commercial
1202,,10000,flatFee,0,,Commercial
1203,,10000,flatFee,0,,Commercial
1204,,10000,flatFee,0,,Commercial
1205,,10000,flatFee,0,,Commercial
1206,,10000,flatFee,0,,Commercial
1207,,10000,flatFee,0,,Commercial
1208,,10000,flatFee,0,,Commercial
1209,,10000,flatFee,0,,Commercial
1210,,10000,flatFee,0,,Commercial
1211,,10000,flatFee,0,,Commercial
1212,,10000,flatFee,0,,Commercial
1213,,10000,flatFee,0,,Commercial
1214,,10000,flatFee,0,,Commercial
1215,,10000,flatFee,0,,Commercial
1216,,10000,flatFee,0,,Commercial
1217,,10000,flatFee,0,,Commercial
1218,,10000,flatFee,0,,Commercial
1219,,10000,flatFee,0,,Commercial
1220,,10000,flatFee,0,,Commercial
1221,,10000,flatFee,0,,Commercial
1222,,10000,flatFee,0,,Commercial
1223,,10000,flatFee,0,,Commercial
1224,,10000,flatFee,0,,Commercial
1225,,10000,flatFee,0,,Commercial
1226,,10000,flatFee,0,,Commercial
1227,,10000,flatFee,0,,Commercial
1228,,10000,flatFee,0,,Commercial
1229,,10000,flatFee,0,,Commercial
1230,,10000,flatFee,0,,Commercial
1231,,10000,flatFee,0,,Commercial
1232,,10000,flatFee,0,,Commercial
1233,,10000,flatFee,0,,Commercial
1234,,10000,flatFee,0,,Commercial
1235,,10000,flatFee,0,,Commercial
1236,,10000,flatFee,0,,Commercial
1237,,10000,flatFee,0,,Commercial
1238,,10000,flatFee,0,,Commercial
1239,,10000,flatFee,0,,Commercial
1240,,10000,flatFee,0,,Commercial
1241,,10000,flatFee,0,,Commercial
1242,,10000,flatFee,0,,Commercial
1243,,10000,flatFee,0,,Commercial
1244,,10000,flatFee,0,,Commercial
1245,,10000,flatFee,0,,Commercial
1246,,10000,flatFee,0,,Commercial
1247,,10000,flatFee,0,,Commercial
1248,,10000,flatFee,0,,Commercial
1249,,10000,flatFee,0,,Commercial
1250,,10000,flatFee,0,,Commercial
1251,,10000,flatFee,0,,Commercial
1252,,10000,flatFee,0,,Commercial
1253,,10000,flatFee,0,,Commercial
1254,,10000,flatFee,0,,Commercial
1255,,10000,flatFee,0,,Commercial
1256,,10000,flatFee,0,,Commercial
1257,,10000,flatFee,0,,Commercial
1258,,10000,flatFee,0,,Commercial
1259,,10000,flatFee,0,,Commercial
1260,,10000,flatFee,0,,Commercial
1261,,10000,flatFee,0,,Commercial
1262,,10000,flatFee,0,,Commercial
1263,,10000,flatFee,0,,Commercial
1264,,10000,flatFee,0,,Commercial
1265,,10000,flatFee,0,,Commercial
1266,,10000,flatFee,0,,Commercial
1267,,10000,flatFee,0,,Commercial
1268,,10000,flatFee,0,,Commercial
1269,,10000,flatFee,0,,Commercial
1270,,10000,flatFee,0,,Commercial
1271,,10000,flatFee,0,,Commercial
1272,,10000,flatFee,0,,Commercial
1273,,10000,flatFee,0,,Commercial
1274,,10000,flatFee,0,,Commercial
1275,,10000,flatFee,0,,Commercial
1276,,10000,flatFee,0,,Commercial
1277,,10000,flatFee,0,,Commercial
1278,,10000,flatFee,0,,Commercial
1279,,10000,flatFee,0,,Commercial
1280,,10000,flatFee,0,,Commercial
1281,,10000,flatFee,0,,Commercial
1282,,10000,flatFee,0,,Commercial
1283,,10000,flatFee,0,,Commercial
1284,,10000,flatFee,0,,Commercial
1285,,10000,flatFee,0,,Commercial
1286,,10000,flatFee,0,,Commercial
1287,,10000,flatFee,0,,Commercial
1288,,10000,flatFee,0,,Commercial
1289,,10000,flatFee,0,,Commercial
1290,,10000,flatFee,0,,Commercial
1291,,10000,flatFee,0,,Commercial
1292,,10000,flatFee,0,,Commercial
1293,,10000,flatFee,0,,Commercial
1294,,10000,flatFee,0,,Commercial
1295,,10000,flatFee,0,,Commercial
1296,,10000,flatFee,0,,Commercial
1297,,10000,flatFee,0,,Commercial
1298,,10000,flatFee,0,,Commercial
1299,,10000,flatFee,0,,Commercial
1300,,10000,flatFee,0,,Commercial
1301,,10000,flatFee,0,,Commercial
1302,,10000,flatFee,0,,Commercial
1303,,10000,flatFee,0,,Commercial
1304,,10000,flatFee,0,,Commercial
1305,,10000,flatFee,0,,Commercial
1306,,10000,flatFee,0,,Commercial
1307,,10000,flatFee,0,,Commercial
1308,,10000,flatFee,0,,Commercial
1309,,10000,flatFee,0,,Commercial
1310,,10000,flatFee,0,,Commercial
1311,,10000,flatFee,0,,Commercial
1312,,10000,flatFee,0,,Commercial
1313,,10000,flatFee,0,,Commercial
1314,,10000,flatFee,0,,Commercial
1315,,10000,flatFee,0,,Commercial
1316,,10000,flatFee,0,,Commercial
1317,,10000,flatFee,0,,Commercial
1318,,10000,flatFee,0,,Commercial
1319,,10000,flatFee,0,,Commercial
1320,,10000,flatFee,0,,Commercial
1321,,10000,flatFee,0,,Commercial
1322,,10000,flatFee,0,,Commercial
1323,,10000,flatFee,0,,Commercial
1324,,10000,flatFee,0,,Commercial
1325,,10000,flatFee,0,,Commercial
1326,,10000,flatFee,0,,Commercial
1327,,10000,flatFee,0,,Commercial
1328,,10000,flatFee,0,,Commercial
1329,,10000,flatFee,0,,Commercial
1330,,10000,flatFee,0,,Commercial
1331,,10000,flatFee,0,,Commercial
1332,,10000,flatFee,0,,Commercial
1333,,10000,flatFee,0,,Commercial
1334,,10000,flatFee,0,,Commercial
1335,,10000,flatFee,0,,Commercial
1336,,10000,flatFee,0,,Commercial
1337,,10000,flatFee,0,,Commercial
1338,,10000,flatFee,0,,Commercial
1339,,10000,flatFee,0,,Commercial
1340,,10000,flatFee,0,,Commercial
1341,,10000,flatFee,0,,Commercial
1342,,10000,flatFee,0,,Commercial
1343,,10000,flatFee,0,,Commercial
1344,,10000,flatFee,0,,Commercial
1345,,10000,flatFee,0,,Commercial
1346,,10000,flatFee,0,,Commercial
1347,,10000,flatFee,0,,Commercial
1348,,10000,flatFee,0,,Commercial
1349,,10000,flatFee,0,,Commercial
1350,,10000,flatFee,0,,Commercial
1351,,10000,flatFee,0,,Commercial
1352,,10000,flatFee,0,,Commercial
1353,,10000,flatFee,0,,Commercial
1354,,10000,flatFee,0,,Commercial
1355,,10000,flatFee,0,,Commercial
1356,,10000,flatFee,0,,Commercial
1357,,10000,flatFee,0,,Commercial
1358,,10000,flatFee,0,,Commercial
1359,,10000,flatFee,0,,Commercial
1360,,10000,flatFee,0,,Commercial
1361,,10000,flatFee,0,,Commercial
1362,,10000,flatFee,0,,Commercial
1363,,10000,flatFee,0,,Commercial
1364,,10000,flatFee,0,,Commercial
1365,,10000,flatFee,0,,Commercial
1366,,10000,flatFee,0,,Commercial
1367,,10000,flatFee,0,,Commercial
1368,,10000,flatFee,0,,Commercial
1369,,10000,flatFee,0,,Commercial
1370,,10000,flatFee,0,,Commercial
1371,,10000,flatFee,0,,Commercial
1372,,10000,flatFee,0,,Commercial
1373,,10000,flatFee,0,,Commercial
1374,,10000,flatFee,0,,Commercial
1375,,10000,flatFee,0,,Commercial
1376,,10000,flatFee,0,,Commercial
1377,,10000,flatFee,0,,Commercial
1378,,10000,flatFee,0,,Commercial
1379,,10000,flatFee,0,,Commercial
1380,,10000,flatFee,0,,Commercial
1381,,10000,flatFee,0,,Commercial
1382,,10000,flatFee,0,,Commercial
1383,,10000,flatFee,0,,Commercial
1384,,10000,flatFee,0,,Commercial
1385,,10000,flatFee,0,,Commercial
1386,,10000,flatFee,0,,Commercial
1387,,10000,flatFee,0,,Commercial
1388,,10000,flatFee,0,,Commercial
1389,,10000,flatFee,0,,Commercial
1390,,10000,flatFee,0,,Commercial
1391,,10000,flatFee,0,,Commercial
1392,,10000,flatFee,0,,Commercial
1393,,10000,flatFee,0,,Commercial
1394,,10000,flatFee,0,,Commercial
1395,,10000,flatFee,0,,Commercial
1396,,10000,flatFee,0,,Commercial
1397,,10000,flatFee,0,,Commercial
1398,,10000,flatFee,0,,Commercial
1399,,10000,flatFee,0,,Commercial
1400,,10000,flatFee,0,,Commercial
1401,,10000,flatFee,0,,Commercial
1402,,10000,flatFee,0,,Commercial
1403,,10000,flatFee,0,,Commercial
1404,,10000,flatFee,0,,Commercial
1405,,10000,flatFee,0,,Commercial
1406,,10000,flatFee,0,,Commercial
1407,,10000,flatFee,0,,Commercial
1408,,10000,flatFee,0,,Commercial
1409,,10000,flatFee,0,,Commercial
1410,,10000,flatFee,0,,Commercial
1411,,10000,flatFee,0,,Commercial
1412,,10000,flatFee,0,,Commercial
1413,,10000,flatFee,0,,Commercial
1414,,10000,flatFee,0,,Commercial
1415,,10000,flatFee,0,,Commercial
1416,,10000,flatFee,0,,Commercial
1417,,10000,flatFee,0,,Commercial
1418,,10000,flatFee,0,,Commercial
1419,,10000,flatFee,0,,Commercial
1420,,10000,flatFee,0,,Commercial
1421,,10000,flatFee,0,,Commercial
1422,,10000,flatFee,0,,Commercial
1423,,10000,flatFee,0,,Commercial
1424,,10000,flatFee,0,,Commercial
1425,,10000,flatFee,0,,Commercial
1426,,10000,flatFee,0,,Commercial
1427,,10000,flatFee,0,,Commercial
1428,,10000,flatFee,0,,Commercial
1429,,10000,flatFee,0,,Commercial
1430,,10000,flatFee,0,,Commercial
1431,,10000,flatFee,0,,Commercial
1432,,10000,flatFee,0,,Commercial
1433,,10000,flatFee,0,,Commercial
1434,,10000,flatFee,0,,Commercial
1435,,10000,flatFee,0,,Commercial
1436,,10000,flatFee,0,,Commercial
1437,,10000,flatFee,0,,Commercial
1438,,10000,flatFee,0,,Commercial
1439,,10000,flatFee,0,,Commercial
1440,,10000,flatFee,0,,Commercial
1441,,10000,flatFee,0,,Commercial
1442,,10000,flatFee,0,,Commercial
1443,,10000,flatFee,0,,Commercial
1444,,10000,flatFee,0,,Commercial
1445,,10000,flatFee,0,,Commercial
1446,,10000,flatFee,0,,Commercial
1447,,10000,flatFee,0,,Commercial
1448,,10000,flatFee,0,,Commercial
1449,,10000,flatFee,0,,Commercial
1450,,10000,flatFee,0,,Commercial
1451,,10000,flatFee,0,,Commercial
1452,,10000,flatFee,0,,Commercial
1453,,10000,flatFee,0,,Commercial
1454,,10000,flatFee,0,,Commercial
1455,,10000,flatFee,0,,Commercial
1456,,10000,flatFee,0,,Commercial
1457,,10000,flatFee,0,,Commercial
1458,,10000,flatFee,0,,Commercial
1459,,10000,flatFee,0,,Commercial
1460,,10000,flatFee,0,,Commercial
1461,,10000,flatFee,0,,Commercial
1462,,10000,flatFee,0,,Commercial
1463,,10000,flatFee,0,,Commercial
1464,,10000,flatFee,0,,Commercial
1465,,10000,flatFee,0,,Commercial
1466,,10000,flatFee,0,,Commercial
1467,,10000,flatFee,0,,Commercial
1468,,10000,flatFee,0,,Commercial
1469,,10000,flatFee,0,,Commercial
1470,,10000,flatFee,0,,Commercial
1471,,10000,flatFee,0,,Commercial
1472,,10000,flatFee,0,,Commercial
1473,,10000,flatFee,0,,Commercial
1474,,10000,flatFee,0,,Commercial
1475,,10000,flatFee,0,,Commercial
1476,,10000,flatFee,0,,Commercial
1477,,10000,flatFee,0,,Commercial
1478,,10000,flatFee,0,,Commercial
1479,,10000,flatFee,0,,Commercial
1480,,10000,flatFee,0,,Commercial
1481,,10000,flatFee,0,,Commercial
1482,,10000,flatFee,0,,Commercial
1483,,10000,flatFee,0,,Commercial
1484,,10000,flatFee,0,,Commercial
1485,,10000,flatFee,0,,Commercial
1486,,10000,flatFee,0,,Commercial
1487,,10000,flatFee,0,,Commercial
1488,,10000,flatFee,0,,Commercial
1489,,10000,flatFee,0,,Commercial
1490,,10000,flatFee,0,,Commercial
1491,,10000,flatFee,0,,Commercial
1492,,10000,flatFee,0,,Commercial
1493,,10000,flatFee,0,,Commercial
1494,,10000,flatFee,0,,Commercial
1495,,10000,flatFee,0,,Commercial
1496,,10000,flatFee,0,,Commercial
1497,,10000,flatFee,0,,Commercial
1498,,10000,flatFee,0,,Commercial
1499,,10000,flatFee,0,,Commercial
1500,,10000,flatFee,0,,Commercial
1501,,10000,flatFee,0,,Commercial
1502,,10000,flatFee,0,,Commercial
1503,,10000,flatFee,0,,Commercial
1504,,10000,flatFee,0,,Commercial
1505,,10000,flatFee,0,,Commercial
1506,,10000,flatFee,0,,Commercial
1507,,10000,flatFee,0,,Commercial
1508,,10000,flatFee,0,,Commercial
1509,,10000,flatFee,0,,Commercial
1510,,10000,flatFee,0,,Commercial
1511,,10000,flatFee,0,,Commercial
1512,,10000,flatFee,0,,Commercial
1513,,10000,flatFee,0,,Commercial
1514,,10000,flatFee,0,,Commercial
1515,,10000,flatFee,0,,Commercial
1516,,10000,flatFee,0,,Commercial
1517,,10000,flatFee,0,,Commercial
1518,,10000,flatFee,0,,Commercial
1519,,10000,flatFee,0,,Commercial
1520,,10000,flatFee,0,,Commercial
1521,,10000,flatFee,0,,Commercial
1522,,10000,flatFee,0,,Commercial
1523,,10000,flatFee,0,,Commercial
1524,,10000,flatFee,0,,Commercial
1525,,10000,flatFee,0,,Commercial
1526,,10000,flatFee,0,,Commercial
1527,,10000,flatFee,0,,Commercial
1528,,10000,flatFee,0,,Commercial
1529,,10000,flatFee,0,,Commercial
1530,,10000,flatFee,0,,Commercial
1531,,10000,flatFee,0,,Commercial
1532,,10000,flatFee,0,,Commercial
1533,,10000,flatFee,0,,Commercial
1534,,10000,flatFee,0,,Commercial
1535,,10000,flatFee,0,,Commercial
1536,,10000,flatFee,0,,Commercial
1537,,10000,flatFee,0,,Commercial
1538,,10000,flatFee,0,,Commercial
1539,,10000,flatFee,0,,Commercial
1540,,10000,flatFee,0,,Commercial
1541,,10000,flatFee,0,,Commercial
1542,,10000,flatFee,0,,Commercial
1543,,10000,flatFee,0,,Commercial
1544,,10000,flatFee,0,,Commercial
1545,,10000,flatFee,0,,Commercial
1546,,10000,flatFee,0,,Commercial
1547,,10000,flatFee,0,,Commercial
1548,,10000,flatFee,0,,Commercial
1549,,10000,flatFee,0,,Commercial
1550,,10000,flatFee,0,,Commercial
1551,,10000,flatFee,0,,Commercial
1552,,10000,flatFee,0,,Commercial
1553,,10000,flatFee,0,,Commercial
1554,,10000,flatFee,0,,Commercial
1555,,10000,flatFee,0,,Commercial
1556,,10000,flatFee,0,,Commercial
1557,,10000,flatFee,0,,Commercial
1558,,10000,flatFee,0,,Commercial
1559,,10000,flatFee,0,,Commercial
1560,,10000,flatFee,0,,Commercial
1561,,10000,flatFee,0,,Commercial
1562,,10000,flatFee,0,,Commercial
1563,,10000,flatFee,0,,Commercial
1564,,10000,flatFee,0,,Commercial
1565,,10000,flatFee,0,,Commercial
1566,,10000,flatFee,0,,Commercial
1567,,10000,flatFee,0,,Commercial
1568,,10000,flatFee,0,,Commercial
1569,,10000,flatFee,0,,Commercial
1570,,10000,flatFee,0,,Commercial
1571,,10000,flatFee,0,,Commercial
1572,,10000,flatFee,0,,Commercial
1573,,10000,flatFee,0,,Commercial
1574,,10000,flatFee,0,,Commercial
1575,,10000,flatFee,0,,Commercial
1576,,10000,flatFee,0,,Commercial
1577,,10000,flatFee,0,,Commercial
1578,,10000,flatFee,0,,Commercial
1579,,10000,flatFee,0,,Commercial
1580,,10000,flatFee,0,,Commercial
1581,,10000,flatFee,0,,Commercial
1582,,10000,flatFee,0,,Commercial
1583,,10000,flatFee,0,,Commercial
1584,,10000,flatFee,0,,Commercial
1585,,10000,flatFee,0,,Commercial
1586,,10000,flatFee,0,,Commercial
1587,,10000,flatFee,0,,Commercial
1588,,10000,flatFee,0,,Commercial
1589,,10000,flatFee,0,,Commercial
1590,,10000,flatFee,0,,Commercial
1591,,10000,flatFee,0,,Commercial
1592,,10000,flatFee,0,,Commercial
1593,,10000,flatFee,0,,Commercial
1594,,10000,flatFee,0,,Commercial
1595,,10000,flatFee,0,,Commercial
1596,,10000,flatFee,0,,Commercial
1597,,10000,flatFee,0,,Commercial
1598,,10000,flatFee,0,,Commercial
1599,,10000,flatFee,0,,Commercial
1600,,10000,flatFee,0,,Commercial
1601,,10000,flatFee,0,,Commercial
1602,,10000,flatFee,0,,Commercial
1603,,10000,flatFee,0,,Commercial
1604,,10000,flatFee,0,,Commercial
1605,,10000,flatFee,0,,Commercial
1606,,10000,flatFee,0,,Commercial
1607,,10000,flatFee,0,,Commercial
1608,,10000,flatFee,0,,Commercial
1609,,10000,flatFee,0,,Commercial
1610,,10000,flatFee,0,,Commercial
1611,,10000,flatFee,0,,Commercial
1612,,10000,flatFee,0,,Commercial
1613,,10000,flatFee,0,,Commercial
1614,,10000,flatFee,0,,Commercial
1615,,10000,flatFee,0,,Commercial
1616,,10000,flatFee,0,,Commercial
1617,,10000,flatFee,0,,Commercial
1618,,10000,flatFee,0,,Commercial
1619,,10000,flatFee,0,,Commercial
1620,,10000,flatFee,0,,Commercial
1621,,10000,flatFee,0,,Commercial
1622,,10000,flatFee,0,,Commercial
1623,,10000,flatFee,0,,Commercial
1624,,10000,flatFee,0,,Commercial
1625,,10000,flatFee,0,,Commercial
1626,,10000,flatFee,0,,Commercial
1627,,10000,flatFee,0,,Commercial
1628,,10000,flatFee,0,,Commercial
1629,,10000,flatFee,0,,Commercial
1630,,10000,flatFee,0,,Commercial
1631,,10000,flatFee,0,,Commercial
1632,,10000,flatFee,0,,Commercial
1633,,10000,flatFee,0,,Commercial
1634,,10000,flatFee,0,,Commercial
1635,,10000,flatFee,0,,Commercial
1636,,10000,flatFee,0,,Commercial
1637,,10000,flatFee,0,,Commercial
1638,,10000,flatFee,0,,Commercial
1639,,10000,flatFee,0,,Commercial
1640,,10000,flatFee,0,,Commercial
1641,,10000,flatFee,0,,Commercial
1642,,10000,flatFee,0,,Commercial
1643,,10000,flatFee,0,,Commercial
1644,,10000,flatFee,0,,Commercial
1645,,10000,flatFee,0,,Commercial
1646,,10000,flatFee,0,,Commercial
1647,,10000,flatFee,0,,Commercial
1648,,10000,flatFee,0,,Commercial
1649,,10000,flatFee,0,,Commercial
1650,,10000,flatFee,0,,Commercial
1651,,10000,flatFee,0,,Commercial
1652,,10000,flatFee,0,,Commercial
1653,,10000,flatFee,0,,Commercial
1654,,10000,flatFee,0,,Commercial
1655,,10000,flatFee,0,,Commercial
1656,,10000,flatFee,0,,Commercial
1657,,10000,flatFee,0,,Commercial
1658,,10000,flatFee,0,,Commercial
1659,,10000,flatFee,0,,Commercial
1660,,10000,flatFee,0,,Commercial
1661,,10000,flatFee,0,,Commercial
1662,,10000,flatFee,0,,Commercial
1663,,10000,flatFee,0,,Commercial
1664,,10000,flatFee,0,,Commercial
1665,,10000,flatFee,0,,Commercial
1666,,10000,flatFee,0,,Commercial
1667,,10000,flatFee,0,,Commercial
1668,,10000,flatFee,0,,Commercial
1669,,10000,flatFee,0,,Commercial
1670,,10000,flatFee,0,,Commercial
1671,,10000,flatFee,0,,Commercial
1672,,10000,flatFee,0,,Commercial
1673,,10000,flatFee,0,,Commercial
1674,,10000,flatFee,0,,Commercial
1675,,10000,flatFee,0,,Commercial
1676,,10000,flatFee,0,,Commercial
1677,,10000,flatFee,0,,Commercial
1678,,10000,flatFee,0,,Commercial
1679,,10000,flatFee,0,,Commercial
1680,,10000,flatFee,0,,Commercial
1681,,10000,flatFee,0,,Commercial
1682,,10000,flatFee,0,,Commercial
1683,,10000,flatFee,0,,Commercial
1684,,10000,flatFee,0,,Commercial
1685,,10000,flatFee,0,,Commercial
1686,,10000,flatFee,0,,Commercial
1687,,10000,flatFee,0,,Commercial
1688,,10000,flatFee,0,,Commercial
1689,,10000,flatFee,0,,Commercial
1690,,10000,flatFee,0,,Commercial
1691,,10000,flatFee,0,,Commercial
1692,,10000,flatFee,0,,Commercial
1693,,10000,flatFee,0,,Commercial
1694,,10000,flatFee,0,,Commercial
1695,,10000,flatFee,0,,Commercial
1696,,10000,flatFee,0,,Commercial
1697,,10000,flatFee,0,,Commercial
1698,,10000,flatFee,0,,Commercial
1699,,10000,flatFee,0,,Commercial
1700,,10000,flatFee,0,,Commercial
1701,,10000,flatFee,0,,Commercial
1702,,10000,flatFee,0,,Commercial
1703,,10000,flatFee,0,,Commercial
1704,,10000,flatFee,0,,Commercial
1705,,10000,flatFee,0,,Commercial
1706,,10000,flatFee,0,,Commercial
1707,,10000,flatFee,0,,Commercial
1708,,10000,flatFee,0,,Commercial
1709,,10000,flatFee,0,,Commercial
1710,,10000,flatFee,0,,Commercial
1711,,10000,flatFee,0,,Commercial
1712,,10000,flatFee,0,,Commercial
1713,,10000,flatFee,0,,Commercial
1714,,10000,flatFee,0,,Commercial
1715,,10000,flatFee,0,,Commercial
1716,,10000,flatFee,0,,Commercial
1717,,10000,flatFee,0,,Commercial
1718,,10000,flatFee,0,,Commercial
1719,,10000,flatFee,0,,Commercial
1720,,10000,flatFee,0,,Commercial
1721,,10000,flatFee,0,,Commercial
1722,,10000,flatFee,0,,Commercial
1723,,10000,flatFee,0,,Commercial
1724,,10000,flatFee,0,,Commercial
1725,,10000,flatFee,0,,Commercial
1726,,10000,flatFee,0,,Commercial
1727,,10000,flatFee,0,,Commercial
1728,,10000,flatFee,0,,Commercial
1729,,10000,flatFee,0,,Commercial
1730,,10000,flatFee,0,,Commercial
1731,,10000,flatFee,0,,Commercial
1732,,10000,flatFee,0,,Commercial
1733,,10000,flatFee,0,,Commercial
1734,,10000,flatFee,0,,Commercial
1735,,10000,flatFee,0,,Commercial
1736,,10000,flatFee,0,,Commercial
1737,,10000,flatFee,0,,Commercial
1738,,10000,flatFee,0,,Commercial
1739,,10000,flatFee,0,,Commercial
1740,,10000,flatFee,0,,Commercial
1741,,10000,flatFee,0,,Commercial
1742,,10000,flatFee,0,,Commercial
1743,,10000,flatFee,0,,Commercial
1744,,10000,flatFee,0,,Commercial
1745,,10000,flatFee,0,,Commercial
1746,,10000,flatFee,0,,Commercial
1747,,10000,flatFee,0,,Commercial
1748,,10000,flatFee,0,,Commercial
1749,,10000,flatFee,0,,Commercial
1750,,10000,flatFee,0,,Commercial
1751,,10000,flatFee,0,,Commercial
1752,,10000,flatFee,0,,Commercial
1753,,10000,flatFee,0,,Commercial
1754,,10000,flatFee,0,,Commercial
1755,,10000,flatFee,0,,Commercial
1756,,10000,flatFee,0,,Commercial
1757,,10000,flatFee,0,,Commercial
1758,,10000,flatFee,0,,Commercial
1759,,10000,flatFee,0,,Commercial
1760,,10000,flatFee,0,,Commercial
1761,,10000,flatFee,0,,Commercial
1762,,10000,flatFee,0,,Commercial
1763,,10000,flatFee,0,,Commercial
1764,,10000,flatFee,0,,Commercial
1765,,10000,flatFee,0,,Commercial
1766,,10000,flatFee,0,,Commercial
1767,,10000,flatFee,0,,Commercial
1768,,10000,flatFee,0,,Commercial
1769,,10000,flatFee,0,,Commercial
1770,,10000,flatFee,0,,Commercial
1771,,10000,flatFee,0,,Commercial
1772,,10000,flatFee,0,,Commercial
1773,,10000,flatFee,0,,Commercial
1774,,10000,flatFee,0,,Commercial
1775,,10000,flatFee,0,,Commercial
1776,,10000,flatFee,0,,Commercial
1777,,10000,flatFee,0,,Commercial
1778,,10000,flatFee,0,,Commercial
1779,,10000,flatFee,0,,Commercial
1780,,10000,flatFee,0,,Commercial
1781,,10000,flatFee,0,,Commercial
1782,,10000,flatFee,0,,Commercial
1783,,10000,flatFee,0,,Commercial
1784,,10000,flatFee,0,,Commercial
1785,,10000,flatFee,0,,Commercial
1786,,10000,flatFee,0,,Commercial
1787,,10000,flatFee,0,,Commercial
1788,,10000,flatFee,0,,Commercial
1789,,10000,flatFee,0,,Commercial
1790,,10000,flatFee,0,,Commercial
1791,,10000,flatFee,0,,Commercial
1792,,10000,flatFee,0,,Commercial
1793,,10000,flatFee,0,,Commercial
1794,,10000,flatFee,0,,Commercial
1795,,10000,flatFee,0,,Commercial
1796,,10000,flatFee,0,,Commercial
1797,,10000,flatFee,0,,Commercial
1798,,10000,flatFee,0,,Commercial
1799,,10000,flatFee,0,,Commercial
1800,,10000,flatFee,0,,Commercial
1801,,10000,flatFee,0,,Commercial
1802,,10000,flatFee,0,,Commercial
1803,,10000,flatFee,0,,Commercial
1804,,10000,flatFee,0,,Commercial
1805,,10000,flatFee,0,,Commercial
1806,,10000,flatFee,0,,Commercial
1807,,10000,flatFee,0,,Commercial
1808,,10000,flatFee,0,,Commercial
1809,,10000,flatFee,0,,Commercial
1810,,10000,flatFee,0,,Commercial
1811,,10000,flatFee,0,,Commercial
1812,,10000,flatFee,0,,Commercial
1813,,10000,flatFee,0,,Commercial
1814,,10000,flatFee,0,,Commercial
1815,,10000,flatFee,0,,Commercial
1816,,10000,flatFee,0,,Commercial
1817,,10000,flatFee,0,,Commercial
1818,,10000,flatFee,0,,Commercial
1819,,10000,flatFee,0,,Commercial
1820,,10000,flatFee,0,,Commercial
1821,,10000,flatFee,0,,Commercial
1822,,10000,flatFee,0,,Commercial
1823,,10000,flatFee,0,,Commercial
1824,,10000,flatFee,0,,Commercial
1825,,10000,flatFee,0,,Commercial
1826,,10000,flatFee,0,,Commercial
1827,,10000,flatFee,0,,Commercial
1828,,10000,flatFee,0,,Commercial
1829,,10000,flatFee,0,,Commercial
1830,,10000,flatFee,0,,Commercial
1831,,10000,flatFee,0,,Commercial
1832,,10000,flatFee,0,,Commercial
1833,,10000,flatFee,0,,Commercial
1834,,10000,flatFee,0,,Commercial
1835,,10000,flatFee,0,,Commercial
1836,,10000,flatFee,0,,Commercial
1837,,10000,flatFee,0,,Commercial
1838,,10000,flatFee,0,,Commercial
1839,,10000,flatFee,0,,Commercial
1840,,10000,flatFee,0,,Commercial
1841,,10000,flatFee,0,,Commercial
1842,,10000,flatFee,0,,Commercial
1843,,10000,flatFee,0,,Commercial
1844,,10000,flatFee,0,,Commercial
1845,,10000,flatFee,0,,Commercial
1846,,10000,flatFee,0,,Commercial
1847,,10000,flatFee,0,,Commercial
1848,,10000,flatFee,0,,Commercial
1849,,10000,flatFee,0,,Commercial
1850,,10000,flatFee,0,,Commercial
1851,,10000,flatFee,0,,Commercial
1852,,10000,flatFee,0,,Commercial
1853,,10000,flatFee,0,,Commercial
1854,,10000,flatFee,0,,Commercial
1855,,10000,flatFee,0,,Commercial
1856,,10000,flatFee,0,,Commercial
1857,,10000,flatFee,0,,Commercial
1858,,10000,flatFee,0,,Commercial
1859,,10000,flatFee,0,,Commercial
1860,,10000,flatFee,0,,Commercial
1861,,10000,flatFee,0,,Commercial
1862,,10000,flatFee,0,,Commercial
1863,,10000,flatFee,0,,Commercial
1864,,10000,flatFee,0,,Commercial
1865,,10000,flatFee,0,,Commercial
1866,,10000,flatFee,0,,Commercial
1867,,10000,flatFee,0,,Commercial
1868,,10000,flatFee,0,,Commercial
1869,,10000,flatFee,0,,Commercial
1870,,10000,flatFee,0,,Commercial
1871,,10000,flatFee,0,,Commercial
1872,,10000,flatFee,0,,Commercial
1873,,10000,flatFee,0,,Commercial
1874,,10000,flatFee,0,,Commercial
1875,,10000,flatFee,0,,Commercial
1876,,10000,flatFee,0,,Commercial
1877,,10000,flatFee,0,,Commercial
1878,,10000,flatFee,0,,Commercial
1879,,10000,flatFee,0,,Commercial
1880,,10000,flatFee,0,,Commercial
1881,,10000,flatFee,0,,Commercial
1882,,10000,flatFee,0,,Commercial
1883,,10000,flatFee,0,,Commercial
1884,,10000,flatFee,0,,Commercial
1885,,10000,flatFee,0,,Commercial
1886,,10000,flatFee,0,,Commercial
1887,,10000,flatFee,0,,Commercial
1888,,10000,flatFee,0,,Commercial
1889,,10000,flatFee,0,,Commercial
1890,,10000,flatFee,0,,Commercial
1891,,10000,flatFee,0,,Commercial
1892,,10000,flatFee,0,,Commercial
1893,,10000,flatFee,0,,Commercial
1894,,10000,flatFee,0,,Commercial
1895,,10000,flatFee,0,,Commercial
1896,,10000,flatFee,0,,Commercial
1897,,10000,flatFee,0,,Commercial
1898,,10000,flatFee,0,,Commercial
1899,,10000,flatFee,0,,Commercial
1900,,10000,flatFee,0,,Commercial
1901,,10000,flatFee,0,,Commercial
1902,,10000,flatFee,0,,Commercial
1903,,10000,flatFee,0,,Commercial
1904,,10000,flatFee,0,,Commercial
1905,,10000,flatFee,0,,Commercial
1906,,10000,flatFee,0,,Commercial
1907,,10000,flatFee,0,,Commercial
1908,,10000,flatFee,0,,Commercial
1909,,10000,flatFee,0,,Commercial
1910,,10000,flatFee,0,,Commercial
1911,,10000,flatFee,0,,Commercial
1912,,10000,flatFee,0,,Commercial
1913,,10000,flatFee,0,,Commercial
1914,,10000,flatFee,0,,Commercial
1915,,10000,flatFee,0,,Commercial
1916,,10000,flatFee,0,,Commercial
1917,,10000,flatFee,0,,Commercial
1918,,10000,flatFee,0,,Commercial
1919,,10000,flatFee,0,,Commercial
1920,,10000,flatFee,0,,Commercial
1921,,10000,flatFee,0,,Commercial
1922,,10000,flatFee,0,,Commercial
1923,,10000,flatFee,0,,Commercial
1924,,10000,flatFee,0,,Commercial
1925,,10000,flatFee,0,,Commercial
1926,,10000,flatFee,0,,Commercial
1927,,10000,flatFee,0,,Commercial
1928,,10000,flatFee,0,,Commercial
1929,,10000,flatFee,0,,Commercial
1930,,10000,flatFee,0,,Commercial
1931,,10000,flatFee,0,,Commercial
1932,,10000,flatFee,0,,Commercial
1933,,10000,flatFee,0,,Commercial
1934,,10000,flatFee,0,,Commercial
1935,,10000,flatFee,0,,Commercial
1936,,10000,flatFee,0,,Commercial
1937,,10000,flatFee,0,,Commercial
1938,,10000,flatFee,0,,Commercial
1939,,10000,flatFee,0,,Commercial
1940,,10000,flatFee,0,,Commercial
1941,,10000,flatFee,0,,Commercial
1942,,10000,flatFee,0,,Commercial
1943,,10000,flatFee,0,,Commercial
1944,,10000,flatFee,0,,Commercial
1945,,10000,flatFee,0,,Commercial
1946,,10000,flatFee,0,,Commercial
1947,,10000,flatFee,0,,Commercial
1948,,10000,flatFee,0,,Commercial
1949,,10000,flatFee,0,,Commercial
1950,,10000,flatFee,0,,Commercial
1951,,10000,flatFee,0,,Commercial
1952,,10000,flatFee,0,,Commercial
1953,,10000,flatFee,0,,Commercial
1954,,10000,flatFee,0,,Commercial
1955,,10000,flatFee,0,,Commercial
1956,,10000,flatFee,0,,Commercial
1957,,10000,flatFee,0,,Commercial
1958,,10000,flatFee,0,,Commercial
1959,,10000,flatFee,0,,Commercial
1960,,10000,flatFee,0,,Commercial
1961,,10000,flatFee,0,,Commercial
1962,,10000,flatFee,0,,Commercial
1963,,10000,flatFee,0,,Commercial
1964,,10000,flatFee,0,,Commercial
1965,,10000,flatFee,0,,Commercial
1966,,10000,flatFee,0,,Commercial
1967,,10000,flatFee,0,,Commercial
1968,,10000,flatFee,0,,Commercial
1969,,10000,flatFee,0,,Commercial
1970,,10000,flatFee,0,,Commercial
1971,,10000,flatFee,0,,Commercial
1972,,10000,flatFee,0,,Commercial
1973,,10000,flatFee,0,,Commercial
1974,,10000,flatFee,0,,Commercial
1975,,10000,flatFee,0,,Commercial
1976,,10000,flatFee,0,,Commercial
1977,,10000,flatFee,0,,Commercial
1978,,10000,flatFee,0,,Commercial
1979,,10000,flatFee,0,,Commercial
1980,,10000,flatFee,0,,Commercial
1981,,10000,flatFee,0,,Commercial
1982,,10000,flatFee,0,,Commercial
1983,,10000,flatFee,0,,Commercial
1984,,10000,flatFee,0,,Commercial
1985,,10000,flatFee,0,,Commercial
1986,,10000,flatFee,0,,Commercial
1987,,10000,flatFee,0,,Commercial
1988,,10000,flatFee,0,,Commercial
1989,,10000,flatFee,0,,Commercial
1990,,10000,flatFee,0,,Commercial
1991,,10000,flatFee,0,,Commercial
1992,,10000,flatFee,0,,Commercial
1993,,10000,flatFee,0,,Commercial
1994,,10000,flatFee,0,,Commercial
1995,,10000,flatFee,0,,Commercial
1996,,10000,flatFee,0,,Commercial
1997,,10000,flatFee,0,,Commercial
1998,,10000,flatFee,0,,Commercial
1999,,10000,flatFee,0,,Commercial
2000,,10000,flatFee,0,,Commercial
2001,,10000,flatFee,0,,Commercial
2002,,10000,flatFee,0,,Commercial
2003,,10000,flatFee,0,,Commercial
2004,,10000,flatFee,0,,Commercial
2005,,10000,flatFee,0,,Commercial
2006,,10000,flatFee,0,,Commercial
2007,,10000,flatFee,0,,Commercial
2008,,10000,flatFee,0,,Commercial
2009,,10000,flatFee,0,,Commercial
2010,,10000,flatFee,0,,Commercial
2011,,10000,flatFee,0,,Commercial
2012,,10000,flatFee,0,,Commercial
2013,,10000,flatFee,0,,Commercial
2014,,10000,flatFee,0,,Commercial
2015,,10000,flatFee,0,,Commercial
2016,,10000,flatFee,0,,Commercial
2017,,10000,flatFee,0,,Commercial
2018,,10000,flatFee,0,,Commercial
2019,,10000,flatFee,0,,Commercial
2020,,10000,flatFee,0,,Commercial
2021,,10000,flatFee,0,,Commercial
2022,,10000,flatFee,0,,Commercial
2023,,10000,flatFee,0,,Commercial
2024,,10000,flatFee,0,,Commercial
2025,,10000,flatFee,0,,Commercial
2026,,10000,flatFee,0,,Commercial
2027,,10000,flatFee,0,,Commercial
2028,,10000,flatFee,0,,Commercial
2029,,10000,flatFee,0,,Commercial
2030,,10000,flatFee,0,,Commercial
2031,,10000,flatFee,0,,Commercial
2032,,10000,flatFee,0,,Commercial
2033,,10000,flatFee,0,,Commercial
2034,,10000,flatFee,0,,Commercial
2035,,10000,flatFee,0,,Commercial
2036,,10000,flatFee,0,,Commercial
2037,,10000,flatFee,0,,Commercial
2038,,10000,flatFee,0,,Commercial
2039,,10000,flatFee,0,,Commercial
2040,,10000,flatFee,0,,Commercial
2041,,10000,flatFee,0,,Commercial
2042,,10000,flatFee,0,,Commercial
2043,,10000,flatFee,0,,Commercial
2044,,10000,flatFee,0,,Commercial
2045,,10000,flatFee,0,,Commercial
2046,,10000,flatFee,0,,Commercial
2047,,10000,flatFee,0,,Commercial
2048,,10000,flatFee,0,,Commercial
2049,,10000,flatFee,0,,Commercial
2050,,10000,flatFee,0,,Commercial
2051,,10000,flatFee,0,,Commercial
2052,,10000,flatFee,0,,Commercial
2053,,10000,flatFee,0,,Commercial
2054,,10000,flatFee,0,,Commercial
2055,,10000,flatFee,0,,Commercial
2056,,10000,flatFee,0,,Commercial
2057,,10000,flatFee,0,,Commercial
2058,,10000,flatFee,0,,Commercial
2059,,10000,flatFee,0,,Commercial
2060,,10000,flatFee,0,,Commercial
2061,,10000,flatFee,0,,Commercial
2062,,10000,flatFee,0,,Commercial
2063,,10000,flatFee,0,,Commercial
2064,,10000,flatFee,0,,Commercial
2065,,10000,flatFee,0,,Commercial
2066,,10000,flatFee,0,,Commercial
2067,,10000,flatFee,0,,Commercial
2068,,10000,flatFee,0,,Commercial
2069,,10000,flatFee,0,,Commercial
2070,,10000,flatFee,0,,Commercial
2071,,10000,flatFee,0,,Commercial
2072,,10000,flatFee,0,,Commercial
2073,,10000,flatFee,0,,Commercial
2074,,10000,flatFee,0,,Commercial
2075,,10000,flatFee,0,,Commercial
2076,,10000,flatFee,0,,Commercial
2077,,10000,flatFee,0,,Commercial
2078,,10000,flatFee,0,,Commercial
2079,,10000,flatFee,0,,Commercial
2080,,10000,flatFee,0,,Commercial
2081,,10000,flatFee,0,,Commercial
2082,,10000,flatFee,0,,Commercial
2083,,10000,flatFee,0,,Commercial
2084,,10000,flatFee,0,,Commercial
2085,,10000,flatFee,0,,Commercial
2086,,10000,flatFee,0,,Commercial
2087,,10000,flatFee,0,,Commercial
2088,,10000,flatFee,0,,Commercial
2089,,10000,flatFee,0,,Commercial
2090,,10000,flatFee,0,,Commercial
2091,,10000,flatFee,0,,Commercial
2092,,10000,flatFee,0,,Commercial
2093,,10000,flatFee,0,,Commercial
2094,,10000,flatFee,0,,Commercial
2095,,10000,flatFee,0,,Commercial
2096,,10000,flatFee,0,,Commercial
2097,,10000,flatFee,0,,Commercial
2098,,10000,flatFee,0,,Commercial
2099,,10000,flatFee,0,,Commercial
2100,,10000,flatFee,0,,Commercial
2101,,10000,flatFee,0,,Commercial
2102,,10000,flatFee,0,,Commercial
2103,,10000,flatFee,0,,Commercial
2104,,10000,flatFee,0,,Commercial
2105,,10000,flatFee,0,,Commercial
2106,,10000,flatFee,0,,Commercial
2107,,10000,flatFee,0,,Commercial
2108,,10000,flatFee,0,,Commercial
2109,,10000,flatFee,0,,Commercial
2110,,10000,flatFee,0,,Commercial
2111,,10000,flatFee,0,,Commercial
2112,,10000,flatFee,0,,Commercial
2113,,10000,flatFee,0,,Commercial
2114,,10000,flatFee,0,,Commercial
2115,,10000,flatFee,0,,Commercial
2116,,10000,flatFee,0,,Commercial
2117,,10000,flatFee,0,,Commercial
2118,,10000,flatFee,0,,Commercial
2119,,10000,flatFee,0,,Commercial
2120,,10000,flatFee,0,,Commercial
2121,,10000,flatFee,0,,Commercial
2122,,10000,flatFee,0,,Commercial
2123,,10000,flatFee,0,,Commercial
2124,,10000,flatFee,0,,Commercial
2125,,10000,flatFee,0,,Commercial
2126,,10000,flatFee,0,,Commercial
2127,,10000,flatFee,0,,Commercial
2128,,10000,flatFee,0,,Commercial
2129,,10000,flatFee,0,,Commercial
2130,,10000,flatFee,0,,Commercial
2131,,10000,flatFee,0,,Commercial
2132,,10000,flatFee,0,,Commercial
2133,,10000,flatFee,0,,Commercial
2134,,10000,flatFee,0,,Commercial
2135,,10000,flatFee,0,,Commercial
2136,,10000,flatFee,0,,Commercial
2137,,10000,flatFee,0,,Commercial
2138,,10000,flatFee,0,,Commercial
2139,,10000,flatFee,0,,Commercial
2140,,10000,flatFee,0,,Commercial
2141,,10000,flatFee,0,,Commercial
2142,,10000,flatFee,0,,Commercial
2143,,10000,flatFee,0,,Commercial
2144,,10000,flatFee,0,,Commercial
2145,,10000,flatFee,0,,Commercial
2146,,10000,flatFee,0,,Commercial
2147,,10000,flatFee,0,,Commercial
2148,,10000,flatFee,0,,Commercial
2149,,10000,flatFee,0,,Commercial
2150,,10000,flatFee,0,,Commercial
2151,,10000,flatFee,0,,Commercial
2152,,10000,flatFee,0,,Commercial
2153,,10000,flatFee,0,,Commercial
2154,,10000,flatFee,0,,Commercial
2155,,10000,flatFee,0,,Commercial
2156,,10000,flatFee,0,,Commercial
2157,,10000,flatFee,0,,Commercial
2158,,10000,flatFee,0,,Commercial
2159,,10000,flatFee,0,,Commercial
2160,,10000,flatFee,0,,Commercial
2161,,10000,flatFee,0,,Commercial
2162,,10000,flatFee,0,,Commercial
2163,,10000,flatFee,0,,Commercial
2164,,10000,flatFee,0,,Commercial
2165,,10000,flatFee,0,,Commercial
2166,,10000,flatFee,0,,Commercial
2167,,10000,flatFee,0,,Commercial
2168,,10000,flatFee,0,,Commercial
2169,,10000,flatFee,0,,Commercial
2170,,10000,flatFee,0,,Commercial
2171,,10000,flatFee,0,,Commercial
2172,,10000,flatFee,0,,Commercial
2173,,10000,flatFee,0,,Commercial
2174,,10000,flatFee,0,,Commercial
2175,,10000,flatFee,0,,Commercial
2176,,10000,flatFee,0,,Commercial
2177,,10000,flatFee,0,,Commercial
2178,,10000,flatFee,0,,Commercial
2179,,10000,flatFee,0,,Commercial
2180,,10000,flatFee,0,,Commercial
2181,,10000,flatFee,0,,Commercial
2182,,10000,flatFee,0,,Commercial
2183,,10000,flatFee,0,,Commercial
2184,,10000,flatFee,0,,Commercial
2185,,10000,flatFee,0,,Commercial
2186,,10000,flatFee,0,,Commercial
2187,,10000,flatFee,0,,Commercial
2188,,10000,flatFee,0,,Commercial
2189,,10000,flatFee,0,,Commercial
2190,,10000,flatFee,0,,Commercial
2191,,10000,flatFee,0,,Commercial
2192,,10000,flatFee,0,,Commercial
2193,,10000,flatFee,0,,Commercial
2194,,10000,flatFee,0,,Commercial
2195,,10000,flatFee,0,,Commercial
2196,,10000,flatFee,0,,Commercial
2197,,10000,flatFee,0,,Commercial
2198,,10000,flatFee,0,,Commercial
2199,,10000,flatFee,0,,Commercial
2200,,10000,flatFee,0,,Commercial
2201,,10000,flatFee,0,,Commercial
2202,,10000,flatFee,0,,Commercial
2203,,10000,flatFee,0,,Commercial
2204,,10000,flatFee,0,,Commercial
2205,,10000,flatFee,0,,Commercial
2206,,10000,flatFee,0,,Commercial
2207,,10000,flatFee,0,,Commercial
2208,,10000,flatFee,0,,Commercial
2209,,10000,flatFee,0,,Commercial
2210,,10000,flatFee,0,,Commercial
2211,,10000,flatFee,0,,Commercial
2212,,10000,flatFee,0,,Commercial
2213,,10000,flatFee,0,,Commercial
2214,,10000,flatFee,0,,Commercial
2215,,10000,flatFee,0,,Commercial
2216,,10000,flatFee,0,,Commercial
2217,,10000,flatFee,0,,Commercial
2218,,10000,flatFee,0,,Commercial
2219,,10000,flatFee,0,,Commercial
2220,,10000,flatFee,0,,Commercial
2221,,10000,flatFee,0,,Commercial
2222,,10000,flatFee,0,,Commercial
2223,,10000,flatFee,0,,Commercial
2224,,10000,flatFee,0,,Commercial
2225,,10000,flatFee,0,,Commercial
2226,,10000,flatFee,0,,Commercial
2227,,10000,flatFee,0,,Commercial
2228,,10000,flatFee,0,,Commercial
2229,,10000,flatFee,0,,Commercial
2230,,10000,flatFee,0,,Commercial
2231,,10000,flatFee,0,,Commercial
2232,,10000,flatFee,0,,Commercial
2233,,10000,flatFee,0,,Commercial
2234,,10000,flatFee,0,,Commercial
2235,,10000,flatFee,0,,Commercial
2236,,10000,flatFee,0,,Commercial
2237,,10000,flatFee,0,,Commercial
2238,,10000,flatFee,0,,Commercial
2239,,10000,flatFee,0,,Commercial
2240,,10000,flatFee,0,,Commercial
2241,,10000,flatFee,0,,Commercial
2242,,10000,flatFee,0,,Commercial
2243,,10000,flatFee,0,,Commercial
2244,,10000,flatFee,0,,Commercial
2245,,10000,flatFee,0,,Commercial
2246,,10000,flatFee,0,,Commercial
2247,,10000,flatFee,0,,Commercial
2248,,10000,flatFee,0,,Commercial
2249,,10000,flatFee,0,,Commercial
2250,,10000,flatFee,0,,Commercial
2251,,10000,flatFee,0,,Commercial
2252,,10000,flatFee,0,,Commercial
2253,,10000,flatFee,0,,Commercial
2254,,10000,flatFee,0,,Commercial
2255,,10000,flatFee,0,,Commercial
2256,,10000,flatFee,0,,Commercial
2257,,10000,flatFee,0,,Commercial
2258,,10000,flatFee,0,,Commercial
2259,,10000,flatFee,0,,Commercial
2260,,10000,flatFee,0,,Commercial
2261,,10000,flatFee,0,,Commercial
2262,,10000,flatFee,0,,Commercial
2263,,10000,flatFee,0,,Commercial
2264,,10000,flatFee,0,,Commercial
2265,,10000,flatFee,0,,Commercial
2266,,10000,flatFee,0,,Commercial
2267,,10000,flatFee,0,,Commercial
2268,,10000,flatFee,0,,Commercial
2269,,10000,flatFee,0,,Commercial
2270,,10000,flatFee,0,,Commercial
2271,,10000,flatFee,0,,Commercial
2272,,10000,flatFee,0,,Commercial
2273,,10000,flatFee,0,,Commercial
2274,,10000,flatFee,0,,Commercial
2275,,10000,flatFee,0,,Commercial
2276,,10000,flatFee,0,,Commercial
2277,,10000,flatFee,0,,Commercial
2278,,10000,flatFee,0,,Commercial
2279,,10000,flatFee,0,,Commercial
2280,,10000,flatFee,0,,Commercial
2281,,10000,flatFee,0,,Commercial
2282,,10000,flatFee,0,,Commercial
2283,,10000,flatFee,0,,Commercial
2284,,10000,flatFee,0,,Commercial
2285,,10000,flatFee,0,,Commercial
2286,,10000,flatFee,0,,Commercial
2287,,10000,flatFee,0,,Commercial
2288,,10000,flatFee,0,,Commercial
2289,,10000,flatFee,0,,Commercial
2290,,10000,flatFee,0,,Commercial
2291,,10000,flatFee,0,,Commercial
2292,,10000,flatFee,0,,Commercial
2293,,10000,flatFee,0,,Commercial
2294,,10000,flatFee,0,,Commercial
2295,,10000,flatFee,0,,Commercial
2296,,10000,flatFee,0,,Commercial
2297,,10000,flatFee,0,,Commercial
2298,,10000,flatFee,0,,Commercial
2299,,10000,flatFee,0,,Commercial
2300,,10000,flatFee,0,,Commercial
2301,,10000,flatFee,0,,Commercial
2302,,10000,flatFee,0,,Commercial
2303,,10000,flatFee,0,,Commercial
2304,,10000,flatFee,0,,Commercial
2305,,10000,flatFee,0,,Commercial
2306,,10000,flatFee,0,,Commercial
2307,,10000,flatFee,0,,Commercial
2308,,10000,flatFee,0,,Commercial
2309,,10000,flatFee,0,,Commercial
2310,,10000,flatFee,0,,Commercial
2311,,10000,flatFee,0,,Commercial
2312,,10000,flatFee,0,,Commercial
2313,,10000,flatFee,0,,Commercial
2314,,10000,flatFee,0,,Commercial
2315,,10000,flatFee,0,,Commercial
2316,,10000,flatFee,0,,Commercial
2317,,10000,flatFee,0,,Commercial
2318,,10000,flatFee,0,,Commercial
2319,,10000,flatFee,0,,Commercial
2320,,10000,flatFee,0,,Commercial
2321,,10000,flatFee,0,,Commercial
2322,,10000,flatFee,0,,Commercial
2323,,10000,flatFee,0,,Commercial
2324,,10000,flatFee,0,,Commercial
2325,,10000,flatFee,0,,Commercial
2326,,10000,flatFee,0,,Commercial
2327,,10000,flatFee,0,,Commercial
2328,,10000,flatFee,0,,Commercial
2329,,10000,flatFee,0,,Commercial
2330,,10000,flatFee,0,,Commercial
2331,,10000,flatFee,0,,Commercial
2332,,10000,flatFee,0,,Commercial
2333,,10000,flatFee,0,,Commercial
2334,,10000,flatFee,0,,Commercial
2335,,10000,flatFee,0,,Commercial
2336,,10000,flatFee,0,,Commercial
2337,,10000,flatFee,0,,Commercial
2338,,10000,flatFee,0,,Commercial
2339,,10000,flatFee,0,,Commercial
2340,,10000,flatFee,0,,Commercial
2341,,10000,flatFee,0,,Commercial
2342,,10000,flatFee,0,,Commercial
2343,,10000,flatFee,0,,Commercial
2344,,10000,flatFee,0,,Commercial
2345,,10000,flatFee,0,,Commercial
2346,,10000,flatFee,0,,Commercial
2347,,10000,flatFee,0,,Commercial
2348,,10000,flatFee,0,,Commercial
2349,,10000,flatFee,0,,Commercial
2350,,10000,flatFee,0,,Commercial
2351,,10000,flatFee,0,,Commercial
2352,,10000,flatFee,0,,Commercial
2353,,10000,flatFee,0,,Commercial
2354,,10000,flatFee,0,,Commercial
2355,,10000,flatFee,0,,Commercial
2356,,10000,flatFee,0,,Commercial
2357,,10000,flatFee,0,,Commercial
2358,,10000,flatFee,0,,Commercial
2359,,10000,flatFee,0,,Commercial
2360,,10000,flatFee,0,,Commercial
2361,,10000,flatFee,0,,Commercial
2362,,10000,flatFee,0,,Commercial
2363,,10000,flatFee,0,,Commercial
2364,,10000,flatFee,0,,Commercial
2365,,10000,flatFee,0,,Commercial
2366,,10000,flatFee,0,,Commercial
2367,,10000,flatFee,0,,Commercial
2368,,10000,flatFee,0,,Commercial
2369,,10000,flatFee,0,,Commercial
2370,,10000,flatFee,0,,Commercial
2371,,10000,flatFee,0,,Commercial
2372,,10000,flatFee,0,,Commercial
2373,,10000,flatFee,0,,Commercial
2374,,10000,flatFee,0,,Commercial
2375,,10000,flatFee,0,,Commercial
2376,,10000,flatFee,0,,Commercial
2377,,10000,flatFee,0,,Commercial
2378,,10000,flatFee,0,,Commercial
2379,,10000,flatFee,0,,Commercial
2380,,10000,flatFee,0,,Commercial
2381,,10000,flatFee,0,,Commercial
2382,,10000,flatFee,0,,Commercial
2383,,10000,flatFee,0,,Commercial
2384,,10000,flatFee,0,,Commercial
2385,,10000,flatFee,0,,Commercial
2386,,10000,flatFee,0,,Commercial
2387,,10000,flatFee,0,,Commercial
2388,,10000,flatFee,0,,Commercial
2389,,10000,flatFee,0,,Commercial
2390,,10000,flatFee,0,,Commercial
2391,,10000,flatFee,0,,Commercial
2392,,10000,flatFee,0,,Commercial
2393,,10000,flatFee,0,,Commercial
2394,,10000,flatFee,0,,Commercial
2395,,10000,flatFee,0,,Commercial
2396,,10000,flatFee,0,,Commercial
2397,,10000,flatFee,0,,Commercial
2398,,10000,flatFee,0,,Commercial
2399,,10000,flatFee,0,,Commercial
2400,,10000,flatFee,0,,Commercial
2401,,10000,flatFee,0,,Commercial
2402,,10000,flatFee,0,,Commercial
2403,,10000,flatFee,0,,Commercial
2404,,10000,flatFee,0,,Commercial
2405,,10000,flatFee,0,,Commercial
2406,,10000,flatFee,0,,Commercial
2407,,10000,flatFee,0,,Commercial
2408,,10000,flatFee,0,,Commercial
2409,,10000,flatFee,0,,Commercial
2410,,10000,flatFee,0,,Commercial
2411,,10000,flatFee,0,,Commercial
2412,,10000,flatFee,0,,Commercial
2413,,10000,flatFee,0,,Commercial
2414,,10000,flatFee,0,,Commercial
2415,,10000,flatFee,0,,Commercial
2416,,10000,flatFee,0,,Commercial
2417,,10000,flatFee,0,,Commercial
2418,,10000,flatFee,0,,Commercial
2419,,10000,flatFee,0,,Commercial
2420,,10000,flatFee,0,,Commercial
2421,,10000,flatFee,0,,Commercial
2422,,10000,flatFee,0,,Commercial
2423,,10000,flatFee,0,,Commercial
2424,,10000,flatFee,0,,Commercial
2425,,10000,flatFee,0,,Commercial
2426,,10000,flatFee,0,,Commercial
2427,,10000,flatFee,0,,Commercial
2428,,10000,flatFee,0,,Commercial
2429,,10000,flatFee,0,,Commercial
2430,,10000,flatFee,0,,Commercial
2431,,10000,flatFee,0,,Commercial
2432,,10000,flatFee,0,,Commercial
2433,,10000,flatFee,0,,Commercial
2434,,10000,flatFee,0,,Commercial
2435,,10000,flatFee,0,,Commercial
2436,,10000,flatFee,0,,Commercial
2437,,10000,flatFee,0,,Commercial
2438,,10000,flatFee,0,,Commercial
2439,,10000,flatFee,0,,Commercial
2440,,10000,flatFee,0,,Commercial
2441,,10000,flatFee,0,,Commercial
2442,,10000,flatFee,0,,Commercial
2443,,10000,flatFee,0,,Commercial
2444,,10000,flatFee,0,,Commercial
2445,,10000,flatFee,0,,Commercial
2446,,10000,flatFee,0,,Commercial
2447,,10000,flatFee,0,,Commercial
2448,,10000,flatFee,0,,Commercial
2449,,10000,flatFee,0,,Commercial
2450,,10000,flatFee,0,,Commercial
2451,,10000,flatFee,0,,Commercial
2452,,10000,flatFee,0,,Commercial
2453,,10000,flatFee,0,,Commercial
2454,,10000,flatFee,0,,Commercial
2455,,10000,flatFee,0,,Commercial
2456,,10000,flatFee,0,,Commercial
2457,,10000,flatFee,0,,Commercial
2458,,10000,flatFee,0,,Commercial
2459,,10000,flatFee,0,,Commercial
2460,,10000,flatFee,0,,Commercial
2461,,10000,flatFee,0,,Commercial
2462,,10000,flatFee,0,,Commercial
2463,,10000,flatFee,0,,Commercial
2464,,10000,flatFee,0,,Commercial
2465,,10000,flatFee,0,,Commercial
2466,,10000,flatFee,0,,Commercial
2467,,10000,flatFee,0,,Commercial
2468,,10000,flatFee,0,,Commercial
2469,,10000,flatFee,0,,Commercial
2470,,10000,flatFee,0,,Commercial
2471,,10000,flatFee,0,,Commercial
2472,,10000,flatFee,0,,Commercial
2473,,10000,flatFee,0,,Commercial
2474,,10000,flatFee,0,,Commercial
2475,,10000,flatFee,0,,Commercial
2476,,10000,flatFee,0,,Commercial
2477,,10000,flatFee,0,,Commercial
2478,,10000,flatFee,0,,Commercial
2479,,10000,flatFee,0,,Commercial
2480,,10000,flatFee,0,,Commercial
2481,,10000,flatFee,0,,Commercial
2482,,10000,flatFee,0,,Commercial
2483,,10000,flatFee,0,,Commercial
2484,,10000,flatFee,0,,Commercial
2485,,10000,flatFee,0,,Commercial
2486,,10000,flatFee,0,,Commercial
2487,,10000,flatFee,0,,Commercial
2488,,10000,flatFee,0,,Commercial
2489,,10000,flatFee,0,,Commercial
2490,,10000,flatFee,0,,Commercial
2491,,10000,flatFee,0,,Commercial
2492,,10000,flatFee,0,,Commercial
2493,,10000,flatFee,0,,Commercial
2494,,10000,flatFee,0,,Commercial
2495,,10000,flatFee,0,,Commercial
2496,,10000,flatFee,0,,Commercial
2497,,10000,flatFee,0,,Commercial
2498,,10000,flatFee,0,,Commercial
2499,,10000,flatFee,0,,Commercial
2500,,10000,flatFee,0,,Commercial
2501,,10000,flatFee,0,,Commercial
2502,,10000,flatFee,0,,Commercial
2503,,10000,flatFee,0,,Commercial
2504,,10000,flatFee,0,,Commercial
2505,,10000,flatFee,0,,Commercial
2506,,10000,flatFee,0,,Commercial
2507,,10000,flatFee,0,,Commercial
2508,,10000,flatFee,0,,Commercial
2509,,10000,flatFee,0,,Commercial
2510,,10000,flatFee,0,,Commercial
2511,,10000,flatFee,0,,Commercial
2512,,10000,flatFee,0,,Commercial
2513,,10000,flatFee,0,,Commercial
2514,,10000,flatFee,0,,Commercial
2515,,10000,flatFee,0,,Commercial
2516,,10000,flatFee,0,,Commercial
2517,,10000,flatFee,0,,Commercial
2518,,10000,flatFee,0,,Commercial
2519,,10000,flatFee,0,,Commercial
2520,,10000,flatFee,0,,Commercial
2521,,10000,flatFee,0,,Commercial
2522,,10000,flatFee,0,,Commercial
2523,,10000,flatFee,0,,Commercial
2524,,10000,flatFee,0,,Commercial
2525,,10000,flatFee,0,,Commercial
2526,,10000,flatFee,0,,Commercial
2527,,10000,flatFee,0,,Commercial
2528,,10000,flatFee,0,,Commercial
2529,,10000,flatFee,0,,Commercial
2530,,10000,flatFee,0,,Commercial
2531,,10000,flatFee,0,,Commercial
2532,,10000,flatFee,0,,Commercial
2533,,10000,flatFee,0,,Commercial
2534,,10000,flatFee,0,,Commercial
2535,,10000,flatFee,0,,Commercial
2536,,10000,flatFee,0,,Commercial
2537,,10000,flatFee,0,,Commercial
2538,,10000,flatFee,0,,Commercial
2539,,10000,flatFee,0,,Commercial
2540,,10000,flatFee,0,,Commercial
2541,,10000,flatFee,0,,Commercial
2542,,10000,flatFee,0,,Commercial
2543,,10000,flatFee,0,,Commercial
2544,,10000,flatFee,0,,Commercial
2545,,10000,flatFee,0,,Commercial
2546,,10000,flatFee,0,,Commercial
2547,,10000,flatFee,0,,Commercial
2548,,10000,flatFee,0,,Commercial
2549,,10000,flatFee,0,,Commercial
2550,,10000,flatFee,0,,Commercial
2551,,10000,flatFee,0,,Commercial
2552,,10000,flatFee,0,,Commercial
2553,,10000,flatFee,0,,Commercial
2554,,10000,flatFee,0,,Commercial
2555,,10000,flatFee,0,,Commercial
2556,,10000,flatFee,0,,Commercial
2557,,10000,flatFee,0,,Commercial
2558,,10000,flatFee,0,,Commercial
2559,,10000,flatFee,0,,Commercial
2560,,10000,flatFee,0,,Commercial
2561,,10000,flatFee,0,,Commercial
2562,,10000,flatFee,0,,Commercial
2563,,10000,flatFee,0,,Commercial
2564,,10000,flatFee,0,,Commercial
2565,,10000,flatFee,0,,Commercial
2566,,10000,flatFee,0,,Commercial
2567,,10000,flatFee,0,,Commercial
2568,,10000,flatFee,0,,Commercial
2569,,10000,flatFee,0,,Commercial
2570,,10000,flatFee,0,,Commercial
2571,,10000,flatFee,0,,Commercial
2572,,10000,flatFee,0,,Commercial
2573,,10000,flatFee,0,,Commercial
2574,,10000,flatFee,0,,Commercial
2575,,10000,flatFee,0,,Commercial
2576,,10000,flatFee,0,,Commercial
2577,,10000,flatFee,0,,Commercial
2578,,10000,flatFee,0,,Commercial
2579,,10000,flatFee,0,,Commercial
2580,,10000,flatFee,0,,Commercial
2581,,10000,flatFee,0,,Commercial
2582,,10000,flatFee,0,,Commercial
2583,,10000,flatFee,0,,Commercial
2584,,10000,flatFee,0,,Commercial
2585,,10000,flatFee,0,,Commercial
2586,,10000,flatFee,0,,Commercial
2587,,10000,flatFee,0,,Commercial
2588,,10000,flatFee,0,,Commercial
2589,,10000,flatFee,0,,Commercial
2590,,10000,flatFee,0,,Commercial
2591,,10000,flatFee,0,,Commercial
2592,,10000,flatFee,0,,Commercial
2593,,10000,flatFee,0,,Commercial
2594,,10000,flatFee,0,,Commercial
2595,,10000,flatFee,0,,Commercial
2596,,10000,flatFee,0,,Commercial
2597,,10000,flatFee,0,,Commercial
2598,,10000,flatFee,0,,Commercial
2599,,10000,flatFee,0,,Commercial
2600,,10000,flatFee,0,,Commercial
2601,,10000,flatFee,0,,Commercial
2602,,10000,flatFee,0,,Commercial
2603,,10000,flatFee,0,,Commercial
2604,,10000,flatFee,0,,Commercial
2605,,10000,flatFee,0,,Commercial
2606,,10000,flatFee,0,,Commercial
2607,,10000,flatFee,0,,Commercial
2608,,10000,flatFee,0,,Commercial
2609,,10000,flatFee,0,,Commercial
2610,,10000,flatFee,0,,Commercial
2611,,10000,flatFee,0,,Commercial
2612,,10000,flatFee,0,,Commercial
2613,,10000,flatFee,0,,Commercial
2614,,10000,flatFee,0,,Commercial
2615,,10000,flatFee,0,,Commercial
2616,,10000,flatFee,0,,Commercial
2617,,10000,flatFee,0,,Commercial
2618,,10000,flatFee,0,,Commercial
2619,,10000,flatFee,0,,Commercial
2620,,10000,flatFee,0,,Commercial
2621,,10000,flatFee,0,,Commercial
2622,,10000,flatFee,0,,Commercial
2623,,10000,flatFee,0,,Commercial
2624,,10000,flatFee,0,,Commercial
2625,,10000,flatFee,0,,Commercial
2626,,10000,flatFee,0,,Commercial
2627,,10000,flatFee,0,,Commercial
2628,,10000,flatFee,0,,Commercial
2629,,10000,flatFee,0,,Commercial
2630,,10000,flatFee,0,,Commercial
2631,,10000,flatFee,0,,Commercial
2632,,10000,flatFee,0,,Commercial
2633,,10000,flatFee,0,,Commercial
2634,,10000,flatFee,0,,Commercial
2635,,10000,flatFee,0,,Commercial
2636,,10000,flatFee,0,,Commercial
2637,,10000,flatFee,0,,Commercial
2638,,10000,flatFee,0,,Commercial
2639,,10000,flatFee,0,,Commercial
2640,,10000,flatFee,0,,Commercial
2641,,10000,flatFee,0,,Commercial
2642,,10000,flatFee,0,,Commercial
2643,,10000,flatFee,0,,Commercial
2644,,10000,flatFee,0,,Commercial